quarter_start,ticker,rl_risk_score,risk_profile,split
2018-07-10,ABUK,-2.1504006385803223,conservative,train
2018-07-10,ADIB,-3.0246040920416513,conservative,train
2018-07-10,ALCN,-5.136638641357422,conservative,train
2018-07-10,AMOC,-5.111603895823161,conservative,train
2018-07-10,ARAB,5.362267971038818,aggressive,train
2018-07-10,ARCC,3.39324551820755,balanced,train
2018-07-10,ASPI,5.540145715077718,aggressive,train
2018-07-10,BINV,5.437310536702474,aggressive,train
2018-07-10,BTFH,5.296398957570394,aggressive,train
2018-07-10,CCAP,5.523522059122722,aggressive,train
2018-07-10,CICH,1.1274308760960896,balanced,train
2018-07-10,CIEB,-5.127854824066162,conservative,train
2018-07-10,CIRA,,,train
2018-07-10,CLHO,-1.2457608381907146,balanced,train
2018-07-10,COMI,-5.195616722106934,conservative,train
2018-07-10,DSCW,2.5093718568483987,balanced,train
2018-07-10,EAST,-1.6657663981119792,balanced,train
2018-07-10,EFID,-4.897469361623128,conservative,train
2018-07-10,EFIH,,,train
2018-07-10,EGAL,5.388840039571126,aggressive,train
2018-07-10,EGCH,5.528793493906657,aggressive,train
2018-07-10,EGTS,5.564368565877278,aggressive,train
2018-07-10,EMFD,4.981774965922038,aggressive,train
2018-07-10,ETEL,-4.945769786834717,conservative,train
2018-07-10,EXPA,-1.7925124168395996,balanced,train
2018-07-10,FAIT,-5.118884563446045,conservative,train
2018-07-10,FAITA,-5.186072826385498,conservative,train
2018-07-10,FWRY,,,train
2018-07-10,GBCO,4.961597283681233,balanced,train
2018-07-10,GDWA,,,train
2018-07-10,HDBK,-5.095157782236735,conservative,train
2018-07-10,HELI,3.1570600668589273,balanced,train
2018-07-10,HRHO,0.15250523885091147,balanced,train
2018-07-10,IRON,5.524381955464681,aggressive,train
2018-07-10,ISPH,3.8697643876075745,balanced,train
2018-07-10,JUFO,-5.100049177805583,conservative,train
2018-07-10,MASR,5.435298442840576,aggressive,train
2018-07-10,MCQE,-0.7140384763479233,balanced,train
2018-07-10,MFPC,-1.1977802117665608,balanced,train
2018-07-10,MTIE,5.368301232655843,aggressive,train
2018-07-10,OCDI,5.5516641934712725,aggressive,train
2018-07-10,OFH,,,train
2018-07-10,OIH,4.342501004536946,balanced,train
2018-07-10,ORAS,-5.198053518931071,conservative,train
2018-07-10,ORHD,5.147150039672852,aggressive,train
2018-07-10,ORWE,0.19750062624613443,balanced,train
2018-07-10,PHAR,-4.877283414204915,conservative,train
2018-07-10,PHDC,5.5426561037699384,aggressive,train
2018-07-10,PRDC,,,train
2018-07-10,QNBE,-4.232016563415527,conservative,train
2018-07-10,RAYA,-5.103643894195557,conservative,train
2018-07-10,RMDA,,,train
2018-07-10,SKPC,5.101746559143066,aggressive,train
2018-07-10,SPMD,,,train
2018-07-10,SUGR,4.16033411026001,balanced,train
2018-07-10,SWDY,3.1271615823109946,balanced,train
2018-07-10,TALM,,,train
2018-07-10,TMGH,5.553469181060791,aggressive,train
2018-07-10,VLMR,-5.183737595876058,conservative,train
2018-07-10,VLMRA,,,train
2018-10-17,ABUK,-5.025561809539795,conservative,train
2018-10-17,ADIB,0.49832993745803833,balanced,train
2018-10-17,ALCN,-5.159656842549642,conservative,train
2018-10-17,AMOC,1.5639406840006511,balanced,train
2018-10-17,ARAB,5.530990123748779,aggressive,train
2018-10-17,ARCC,4.112014373143514,balanced,train
2018-10-17,ASPI,5.53715165456136,aggressive,train
2018-10-17,BINV,2.251778523127238,balanced,train
2018-10-17,BTFH,5.5736625989278155,aggressive,train
2018-10-17,CCAP,5.494295756022136,aggressive,train
2018-10-17,CICH,-1.8086798191070557,balanced,train
2018-10-17,CIEB,-5.142524242401123,conservative,train
2018-10-17,CIRA,3.4148921966552734,balanced,train
2018-10-17,CLHO,-4.640222072601318,conservative,train
2018-10-17,COMI,-5.163301150004069,conservative,train
2018-10-17,DSCW,4.687288125356038,aggressive,train
2018-10-17,EAST,-1.1446178754170735,balanced,train
2018-10-17,EFID,-3.173046668370565,conservative,train
2018-10-17,EFIH,,,train
2018-10-17,EGAL,2.9990698099136353,balanced,train
2018-10-17,EGCH,5.541463375091553,aggressive,train
2018-10-17,EGTS,5.548464457194011,aggressive,train
2018-10-17,EMFD,5.321170330047607,aggressive,train
2018-10-17,ETEL,-2.9447750647862754,balanced,train
2018-10-17,EXPA,-3.1596610943476358,conservative,train
2018-10-17,FAIT,-5.079964955647786,conservative,train
2018-10-17,FAITA,-5.176792462666829,conservative,train
2018-10-17,FWRY,,,train
2018-10-17,GBCO,3.4346457918485007,balanced,train
2018-10-17,GDWA,,,train
2018-10-17,HDBK,-5.098124186197917,conservative,train
2018-10-17,HELI,5.415951093037923,aggressive,train
2018-10-17,HRHO,-0.3131325840950012,balanced,train
2018-10-17,IRON,5.576390743255615,aggressive,train
2018-10-17,ISPH,3.3815898100535073,balanced,train
2018-10-17,JUFO,-3.77637513478597,conservative,train
2018-10-17,MASR,5.5646975835164385,aggressive,train
2018-10-17,MCQE,3.787341594696045,balanced,train
2018-10-17,MFPC,-4.676427364349365,conservative,train
2018-10-17,MTIE,1.1800077160199482,balanced,train
2018-10-17,OCDI,5.51384433110555,aggressive,train
2018-10-17,OFH,,,train
2018-10-17,OIH,5.348067124684651,aggressive,train
2018-10-17,ORAS,-5.0956950187683105,conservative,train
2018-10-17,ORHD,5.555270353953044,aggressive,train
2018-10-17,ORWE,-3.3817452589670816,conservative,train
2018-10-17,PHAR,-5.02386474609375,conservative,train
2018-10-17,PHDC,5.578635851542155,aggressive,train
2018-10-17,PRDC,,,train
2018-10-17,QNBE,-4.0481235186258955,conservative,train
2018-10-17,RAYA,-1.6901952425638835,balanced,train
2018-10-17,RMDA,,,train
2018-10-17,SKPC,1.5195987224578857,balanced,train
2018-10-17,SPMD,,,train
2018-10-17,SUGR,5.040992259979248,aggressive,train
2018-10-17,SWDY,5.479582627614339,aggressive,train
2018-10-17,TALM,,,train
2018-10-17,TMGH,1.9691067735354106,balanced,train
2018-10-17,VLMR,-5.204249223073323,conservative,train
2018-10-17,VLMRA,,,train
2019-01-20,ABUK,-3.985868215560913,conservative,train
2019-01-20,ADIB,4.21989901860555,balanced,train
2019-01-20,ALCN,-5.047666072845459,conservative,train
2019-01-20,AMOC,5.4823306401570635,aggressive,train
2019-01-20,ARAB,5.548355897267659,aggressive,train
2019-01-20,ARCC,4.259396394093831,balanced,train
2019-01-20,ASPI,5.192241509755452,aggressive,train
2019-01-20,BINV,5.324911753336589,aggressive,train
2019-01-20,BTFH,5.579965432484944,aggressive,train
2019-01-20,CCAP,5.439090728759766,aggressive,train
2019-01-20,CICH,-5.061614354451497,conservative,train
2019-01-20,CIEB,-5.156875451405843,conservative,train
2019-01-20,CIRA,4.570401668548584,balanced,train
2019-01-20,CLHO,-4.98540735244751,conservative,train
2019-01-20,COMI,-5.207225799560547,conservative,train
2019-01-20,DSCW,5.235737005869548,aggressive,train
2019-01-20,EAST,-0.458413561185201,balanced,train
2019-01-20,EFID,-2.513880968093872,balanced,train
2019-01-20,EFIH,,,train
2019-01-20,EGAL,4.976182619730632,balanced,train
2019-01-20,EGCH,5.3020046552022295,aggressive,train
2019-01-20,EGTS,5.470911343892415,aggressive,train
2019-01-20,EMFD,4.98925765355428,aggressive,train
2019-01-20,ETEL,-3.5458531379699707,balanced,train
2019-01-20,EXPA,-5.013616720835368,conservative,train
2019-01-20,FAIT,-5.218929926554362,conservative,train
2019-01-20,FAITA,-5.198943297068278,conservative,train
2019-01-20,FWRY,,,train
2019-01-20,GBCO,3.464994033177694,balanced,train
2019-01-20,GDWA,,,train
2019-01-20,HDBK,-5.106655756632487,conservative,train
2019-01-20,HELI,5.5369211832682295,aggressive,train
2019-01-20,HRHO,-3.929412762324015,conservative,train
2019-01-20,IRON,5.556238969167073,aggressive,train
2019-01-20,ISPH,4.791722695032756,balanced,train
2019-01-20,JUFO,-4.771046797434489,conservative,train
2019-01-20,MASR,5.426641623179118,aggressive,train
2019-01-20,MCQE,4.092486540476481,balanced,train
2019-01-20,MFPC,-1.8058656851450603,balanced,train
2019-01-20,MTIE,0.4612714449564616,balanced,train
2019-01-20,OCDI,5.576696077982585,aggressive,train
2019-01-20,OFH,,,train
2019-01-20,OIH,5.28427251180013,aggressive,train
2019-01-20,ORAS,-4.472654501597087,conservative,train
2019-01-20,ORHD,5.524019718170166,aggressive,train
2019-01-20,ORWE,-4.08557144800822,conservative,train
2019-01-20,PHAR,-3.4876346786816916,balanced,train
2019-01-20,PHDC,5.486972649892171,aggressive,train
2019-01-20,PRDC,,,train
2019-01-20,QNBE,-4.925742467244466,conservative,train
2019-01-20,RAYA,-4.5426004727681475,conservative,train
2019-01-20,RMDA,,,train
2019-01-20,SKPC,2.6677378018697104,balanced,train
2019-01-20,SPMD,,,train
2019-01-20,SUGR,3.9903903007507324,balanced,train
2019-01-20,SWDY,4.968168656031291,balanced,train
2019-01-20,TALM,,,train
2019-01-20,TMGH,-3.9268943468729653,balanced,train
2019-01-20,VLMR,-5.188192685445149,conservative,train
2019-01-20,VLMRA,,,train
2019-04-18,ABUK,-0.42602817217508954,balanced,train
2019-04-18,ADIB,0.9306074182192484,balanced,train
2019-04-18,ALCN,-5.130171775817871,conservative,train
2019-04-18,AMOC,5.514355182647705,aggressive,train
2019-04-18,ARAB,5.074962457021077,aggressive,train
2019-04-18,ARCC,3.9149033228556314,balanced,train
2019-04-18,ASPI,5.460591157277425,aggressive,train
2019-04-18,BINV,5.486349105834961,aggressive,train
2019-04-18,BTFH,5.577704906463623,aggressive,train
2019-04-18,CCAP,5.217869599660237,aggressive,train
2019-04-18,CICH,-5.093400160471599,conservative,train
2019-04-18,CIEB,-5.02912712097168,conservative,train
2019-04-18,CIRA,1.5595927238464355,balanced,train
2019-04-18,CLHO,-4.205684661865234,conservative,train
2019-04-18,COMI,-5.177056630452474,conservative,train
2019-04-18,DSCW,5.551570097605388,aggressive,train
2019-04-18,EAST,-5.02511739730835,conservative,train
2019-04-18,EFID,-4.297116756439209,conservative,train
2019-04-18,EFIH,,,train
2019-04-18,EGAL,5.463831106821696,aggressive,train
2019-04-18,EGCH,5.524607340494792,aggressive,train
2019-04-18,EGTS,1.8346304893493652,balanced,train
2019-04-18,EMFD,1.9542270302772522,balanced,train
2019-04-18,ETEL,-4.192981719970703,balanced,train
2019-04-18,EXPA,-4.896505991617839,conservative,train
2019-04-18,FAIT,-5.019582907358806,conservative,train
2019-04-18,FAITA,-5.122360070546468,conservative,train
2019-04-18,FWRY,,,train
2019-04-18,GBCO,4.628825505574544,balanced,train
2019-04-18,GDWA,,,train
2019-04-18,HDBK,-5.055051485697429,conservative,train
2019-04-18,HELI,5.56871239344279,aggressive,train
2019-04-18,HRHO,-5.163069883982341,conservative,train
2019-04-18,IRON,5.476150194803874,aggressive,train
2019-04-18,ISPH,-3.651982386906942,balanced,train
2019-04-18,JUFO,-4.101202805836995,balanced,train
2019-04-18,MASR,1.971940040588379,balanced,train
2019-04-18,MCQE,5.477368036905925,aggressive,train
2019-04-18,MFPC,-3.996955076853434,balanced,train
2019-04-18,MTIE,2.0926493406295776,balanced,train
2019-04-18,OCDI,5.584298292795817,aggressive,train
2019-04-18,OFH,,,train
2019-04-18,OIH,5.588373978932698,aggressive,train
2019-04-18,ORAS,-5.107292811075847,conservative,train
2019-04-18,ORHD,5.024032910664876,aggressive,train
2019-04-18,ORWE,0.8393127123514811,balanced,train
2019-04-18,PHAR,-2.2611422141393027,balanced,train
2019-04-18,PHDC,2.255917469660441,balanced,train
2019-04-18,PRDC,,,train
2019-04-18,QNBE,-4.987689177195231,conservative,train
2019-04-18,RAYA,-4.273126284281413,conservative,train
2019-04-18,RMDA,,,train
2019-04-18,SKPC,5.31676721572876,aggressive,train
2019-04-18,SPMD,-1.3511027495066326,balanced,train
2019-04-18,SUGR,-1.5488494237263997,balanced,train
2019-04-18,SWDY,5.469958782196045,aggressive,train
2019-04-18,TALM,,,train
2019-04-18,TMGH,-4.564158201217651,conservative,train
2019-04-18,VLMR,-5.133425394694011,conservative,train
2019-04-18,VLMRA,,,train
2019-07-30,ABUK,-4.268161455790202,balanced,train
2019-07-30,ADIB,-0.5926699638366699,balanced,train
2019-07-30,ALCN,-4.963911056518555,conservative,train
2019-07-30,AMOC,5.589901129404704,aggressive,train
2019-07-30,ARAB,5.4118266105651855,aggressive,train
2019-07-30,ARCC,5.432934761047363,aggressive,train
2019-07-30,ASPI,5.234902222951253,aggressive,train
2019-07-30,BINV,1.8675135771433513,balanced,train
2019-07-30,BTFH,5.469384988149007,aggressive,train
2019-07-30,CCAP,5.520697434743245,aggressive,train
2019-07-30,CICH,-4.92590347925822,conservative,train
2019-07-30,CIEB,-5.149125576019287,conservative,train
2019-07-30,CIRA,2.367029925187429,balanced,train
2019-07-30,CLHO,-1.0724679032961528,balanced,train
2019-07-30,COMI,-5.20977799097697,conservative,train
2019-07-30,DSCW,5.579324722290039,aggressive,train
2019-07-30,EAST,-5.156747341156006,conservative,train
2019-07-30,EFID,-2.636376440525055,balanced,train
2019-07-30,EFIH,,,train
2019-07-30,EGAL,5.588523070017497,aggressive,train
2019-07-30,EGCH,5.498937447865804,aggressive,train
2019-07-30,EGTS,2.0691760381062827,balanced,train
2019-07-30,EMFD,0.21871515115102133,balanced,train
2019-07-30,ETEL,-5.172991911570231,conservative,train
2019-07-30,EXPA,-4.412503798802693,conservative,train
2019-07-30,FAIT,-5.1234002113342285,conservative,train
2019-07-30,FAITA,-5.198316256205241,conservative,train
2019-07-30,FWRY,,,train
2019-07-30,GBCO,4.59639032681783,aggressive,train
2019-07-30,GDWA,,,train
2019-07-30,HDBK,-5.069393157958984,conservative,train
2019-07-30,HELI,5.2974856694539385,aggressive,train
2019-07-30,HRHO,-5.158541679382324,conservative,train
2019-07-30,IRON,5.574456691741943,aggressive,train
2019-07-30,ISPH,-1.7121800382932026,balanced,train
2019-07-30,JUFO,-2.940960705280304,balanced,train
2019-07-30,MASR,1.477357546488444,balanced,train
2019-07-30,MCQE,5.4183244705200195,aggressive,train
2019-07-30,MFPC,-2.4816322326660156,balanced,train
2019-07-30,MTIE,0.13915294408798218,balanced,train
2019-07-30,OCDI,5.460729916890462,aggressive,train
2019-07-30,OFH,,,train
2019-07-30,OIH,5.546998818715413,aggressive,train
2019-07-30,ORAS,-4.658732255299886,conservative,train
2019-07-30,ORHD,4.83678658803304,aggressive,train
2019-07-30,ORWE,-4.606011549631755,conservative,train
2019-07-30,PHAR,-4.347101926803589,conservative,train
2019-07-30,PHDC,4.146342674891154,balanced,train
2019-07-30,PRDC,,,train
2019-07-30,QNBE,-4.746870358784993,conservative,train
2019-07-30,RAYA,-1.306593696276347,balanced,train
2019-07-30,RMDA,,,train
2019-07-30,SKPC,5.588611443837483,aggressive,train
2019-07-30,SPMD,4.30327312151591,balanced,train
2019-07-30,SUGR,1.428862492243449,balanced,train
2019-07-30,SWDY,4.584519068400065,balanced,train
2019-07-30,TALM,,,train
2019-07-30,TMGH,-4.9989387194315595,conservative,train
2019-07-30,VLMR,-5.12857707341512,conservative,train
2019-07-30,VLMRA,,,train
2019-10-31,ABUK,-1.0563267469406128,balanced,train
2019-10-31,ADIB,-2.692998150984446,balanced,train
2019-10-31,ALCN,-4.2956758340199785,conservative,train
2019-10-31,AMOC,5.378694216410319,aggressive,train
2019-10-31,ARAB,5.508273919423421,aggressive,train
2019-10-31,ARCC,5.421580155690511,aggressive,train
2019-10-31,ASPI,5.380783557891846,aggressive,train
2019-10-31,BINV,-2.2178492347399392,balanced,train
2019-10-31,BTFH,5.48707644144694,aggressive,train
2019-10-31,CCAP,5.573055903116862,aggressive,train
2019-10-31,CICH,-3.1340452829996743,conservative,train
2019-10-31,CIEB,-5.131440798441569,conservative,train
2019-10-31,CIRA,-1.556049108505249,balanced,train
2019-10-31,CLHO,1.7938547134399414,balanced,train
2019-10-31,COMI,-5.191739559173584,conservative,train
2019-10-31,DSCW,5.484935760498047,aggressive,train
2019-10-31,EAST,-5.1265074412028,conservative,train
2019-10-31,EFID,0.10301037629445393,balanced,train
2019-10-31,EFIH,,,train
2019-10-31,EGAL,5.542566299438477,aggressive,train
2019-10-31,EGCH,5.5191623369852705,aggressive,train
2019-10-31,EGTS,5.394962787628174,aggressive,train
2019-10-31,EMFD,-4.061806917190552,conservative,train
2019-10-31,ETEL,-4.929372946421306,conservative,train
2019-10-31,EXPA,1.993295003970464,balanced,train
2019-10-31,FAIT,-5.191580295562744,conservative,train
2019-10-31,FAITA,-5.183133443196614,conservative,train
2019-10-31,FWRY,-0.23240764935811362,balanced,train
2019-10-31,GBCO,5.446802298227946,aggressive,train
2019-10-31,GDWA,,,train
2019-10-31,HDBK,-5.105900605519612,conservative,train
2019-10-31,HELI,2.4152897198994956,balanced,train
2019-10-31,HRHO,-4.962651093800862,conservative,train
2019-10-31,IRON,5.559555371602376,aggressive,train
2019-10-31,ISPH,-2.503880023956299,balanced,train
2019-10-31,JUFO,-3.2652600606282554,conservative,train
2019-10-31,MASR,5.131920178731282,aggressive,train
2019-10-31,MCQE,5.408517519632976,aggressive,train
2019-10-31,MFPC,0.9182416598002116,balanced,train
2019-10-31,MTIE,-1.53419025739034,balanced,train
2019-10-31,OCDI,4.1458234786987305,balanced,train
2019-10-31,OFH,,,train
2019-10-31,OIH,5.401773929595947,aggressive,train
2019-10-31,ORAS,-5.087564150492351,conservative,train
2019-10-31,ORHD,5.309237480163574,aggressive,train
2019-10-31,ORWE,-5.07433287302653,conservative,train
2019-10-31,PHAR,-4.543465932210286,conservative,train
2019-10-31,PHDC,5.509108861287435,aggressive,train
2019-10-31,PRDC,,,train
2019-10-31,QNBE,-4.887247880299886,conservative,train
2019-10-31,RAYA,1.8895469705263774,balanced,train
2019-10-31,RMDA,,,train
2019-10-31,SKPC,5.542686144510905,aggressive,train
2019-10-31,SPMD,3.97237221399943,balanced,train
2019-10-31,SUGR,-0.06574646631876628,balanced,train
2019-10-31,SWDY,-0.08075329661369324,balanced,train
2019-10-31,TALM,,,train
2019-10-31,TMGH,-2.73944620291392,conservative,train
2019-10-31,VLMR,-5.199024518330892,conservative,train
2019-10-31,VLMRA,,,train
2020-02-02,ABUK,0.9906522432963053,balanced,train
2020-02-02,ADIB,-1.8254651228586833,balanced,train
2020-02-02,ALCN,3.9163738091786704,balanced,train
2020-02-02,AMOC,5.556310494740804,aggressive,train
2020-02-02,ARAB,5.287051836649577,balanced,train
2020-02-02,ARCC,5.418386777242024,aggressive,train
2020-02-02,ASPI,5.261419296264648,balanced,train
2020-02-02,BINV,-4.735413392384847,conservative,train
2020-02-02,BTFH,5.5144650141398115,aggressive,train
2020-02-02,CCAP,5.581150531768799,aggressive,train
2020-02-02,CICH,-1.0493348439534504,balanced,train
2020-02-02,CIEB,-5.146812438964844,conservative,train
2020-02-02,CIRA,-4.671581109364827,conservative,train
2020-02-02,CLHO,-1.6360402901967366,balanced,train
2020-02-02,COMI,-5.2198794682820635,conservative,train
2020-02-02,DSCW,5.481055736541748,aggressive,train
2020-02-02,EAST,-5.193245569864909,conservative,train
2020-02-02,EFID,0.8755766153335571,balanced,train
2020-02-02,EFIH,,,train
2020-02-02,EGAL,5.562496662139893,aggressive,train
2020-02-02,EGCH,5.4984660148620605,aggressive,train
2020-02-02,EGTS,5.550564289093018,aggressive,train
2020-02-02,EMFD,-4.960164864857991,conservative,train
2020-02-02,ETEL,3.117709000905355,balanced,train
2020-02-02,EXPA,-2.7690427700678506,balanced,train
2020-02-02,FAIT,-5.185178438822429,conservative,train
2020-02-02,FAITA,-5.198183059692383,conservative,train
2020-02-02,FWRY,-4.816907087961833,conservative,train
2020-02-02,GBCO,5.549849510192871,aggressive,train
2020-02-02,GDWA,,,train
2020-02-02,HDBK,-5.088094393412272,conservative,train
2020-02-02,HELI,5.431472301483154,aggressive,train
2020-02-02,HRHO,2.0294226010640464,balanced,train
2020-02-02,IRON,5.562095959981282,aggressive,train
2020-02-02,ISPH,-5.07592248916626,conservative,train
2020-02-02,JUFO,-4.3908467292785645,conservative,train
2020-02-02,MASR,5.405266443888347,aggressive,train
2020-02-02,MCQE,5.325473626454671,aggressive,train
2020-02-02,MFPC,5.379895369211833,aggressive,train
2020-02-02,MTIE,0.5676014423370361,balanced,train
2020-02-02,OCDI,5.553092320760091,aggressive,train
2020-02-02,OFH,,,train
2020-02-02,OIH,3.9537492593129477,balanced,train
2020-02-02,ORAS,-5.110622088114421,conservative,train
2020-02-02,ORHD,5.553551038106282,aggressive,train
2020-02-02,ORWE,-5.161518255869548,conservative,train
2020-02-02,PHAR,-4.890344619750977,conservative,train
2020-02-02,PHDC,5.523180643717448,aggressive,train
2020-02-02,PRDC,,,train
2020-02-02,QNBE,-4.973246733347575,conservative,train
2020-02-02,RAYA,0.92926557858785,balanced,train
2020-02-02,RMDA,4.161117474238078,balanced,train
2020-02-02,SKPC,5.5713396072387695,aggressive,train
2020-02-02,SPMD,-3.158818264802297,conservative,train
2020-02-02,SUGR,-2.0814743439356485,balanced,train
2020-02-02,SWDY,4.928189198176066,balanced,train
2020-02-02,TALM,,,train
2020-02-02,TMGH,3.20829975605011,balanced,train
2020-02-02,VLMR,-5.22363297144572,conservative,train
2020-02-02,VLMRA,,,train
2020-05-04,ABUK,-0.4967932105064392,balanced,train
2020-05-04,ADIB,-4.80971097946167,conservative,train
2020-05-04,ALCN,0.9101112683614095,balanced,train
2020-05-04,AMOC,5.5655239423116045,aggressive,train
2020-05-04,ARAB,5.558534145355225,aggressive,train
2020-05-04,ARCC,5.370342413584392,balanced,train
2020-05-04,ASPI,5.555201689402263,aggressive,train
2020-05-04,BINV,-4.738876024881999,conservative,train
2020-05-04,BTFH,5.566283067067464,aggressive,train
2020-05-04,CCAP,5.578001976013184,aggressive,train
2020-05-04,CICH,5.076111316680908,balanced,train
2020-05-04,CIEB,-4.817512512207031,conservative,train
2020-05-04,CIRA,-5.0608811378479,conservative,train
2020-05-04,CLHO,-2.1745155851046243,balanced,train
2020-05-04,COMI,-5.22607437769572,conservative,train
2020-05-04,DSCW,5.5436116854349775,aggressive,train
2020-05-04,EAST,-5.199495315551758,conservative,train
2020-05-04,EFID,3.7085158824920654,balanced,train
2020-05-04,EFIH,,,train
2020-05-04,EGAL,5.57470687230428,aggressive,train
2020-05-04,EGCH,5.576539198557536,aggressive,train
2020-05-04,EGTS,5.574492931365967,aggressive,train
2020-05-04,EMFD,-4.769547939300537,conservative,train
2020-05-04,ETEL,0.5321720441182455,balanced,train
2020-05-04,EXPA,-5.130989233652751,conservative,train
2020-05-04,FAIT,-5.123269399007161,conservative,train
2020-05-04,FAITA,-5.177202065785726,conservative,train
2020-05-04,FWRY,-4.892343362172444,conservative,train
2020-05-04,GBCO,5.539194901784261,aggressive,train
2020-05-04,GDWA,,,train
2020-05-04,HDBK,-4.993255774180095,conservative,train
2020-05-04,HELI,5.559543450673421,aggressive,train
2020-05-04,HRHO,5.487857341766357,aggressive,train
2020-05-04,IRON,5.572120348612468,aggressive,train
2020-05-04,ISPH,-5.10583480199178,conservative,train
2020-05-04,JUFO,-3.767465591430664,balanced,train
2020-05-04,MASR,5.276607195536296,balanced,train
2020-05-04,MCQE,5.220460414886475,balanced,train
2020-05-04,MFPC,5.3900933265686035,aggressive,train
2020-05-04,MTIE,-1.5483492501080036,balanced,train
2020-05-04,OCDI,5.416369756062825,aggressive,train
2020-05-04,OFH,,,train
2020-05-04,OIH,4.013690074284871,balanced,train
2020-05-04,ORAS,-5.149357318878174,conservative,train
2020-05-04,ORHD,5.582746664683024,aggressive,train
2020-05-04,ORWE,-5.162850856781006,conservative,train
2020-05-04,PHAR,-5.0097198486328125,conservative,train
2020-05-04,PHDC,5.3870930671691895,balanced,train
2020-05-04,PRDC,,,train
2020-05-04,QNBE,-4.507549285888672,balanced,train
2020-05-04,RAYA,-2.7306551138559976,balanced,train
2020-05-04,RMDA,1.5073402722676594,balanced,train
2020-05-04,SKPC,5.55508279800415,aggressive,train
2020-05-04,SPMD,-4.67098601659139,conservative,train
2020-05-04,SUGR,-3.7321318785349527,balanced,train
2020-05-04,SWDY,5.5555135409037275,aggressive,train
2020-05-04,TALM,,,train
2020-05-04,TMGH,5.3530036608378095,balanced,train
2020-05-04,VLMR,-5.227267901102702,conservative,train
2020-05-04,VLMRA,,,train
2020-08-16,ABUK,4.072009642918904,balanced,train
2020-08-16,ADIB,-4.984894434611003,conservative,train
2020-08-16,ALCN,-1.9960349400838215,balanced,train
2020-08-16,AMOC,5.52556037902832,aggressive,train
2020-08-16,ARAB,5.479130903879802,aggressive,train
2020-08-16,ARCC,5.371052265167236,aggressive,train
2020-08-16,ASPI,5.359059969584147,aggressive,train
2020-08-16,BINV,-0.6486180623372396,balanced,train
2020-08-16,BTFH,5.590503851572673,aggressive,train
2020-08-16,CCAP,3.6827601989110312,balanced,train
2020-08-16,CICH,5.336630185445149,aggressive,train
2020-08-16,CIEB,-4.834928035736084,conservative,train
2020-08-16,CIRA,-5.164822896321614,conservative,train
2020-08-16,CLHO,-4.829520384470622,conservative,train
2020-08-16,COMI,-5.22042179107666,conservative,train
2020-08-16,DSCW,5.570526758829753,aggressive,train
2020-08-16,EAST,-5.136312643686931,conservative,train
2020-08-16,EFID,3.432444969813029,balanced,train
2020-08-16,EFIH,,,train
2020-08-16,EGAL,5.59825325012207,aggressive,train
2020-08-16,EGCH,5.289000670115153,aggressive,train
2020-08-16,EGTS,5.568351586659749,aggressive,train
2020-08-16,EMFD,-4.731586456298828,conservative,train
2020-08-16,ETEL,-2.9638065497080484,conservative,train
2020-08-16,EXPA,-4.482239882151286,conservative,train
2020-08-16,FAIT,-4.97972838083903,conservative,train
2020-08-16,FAITA,-5.1584014892578125,conservative,train
2020-08-16,FWRY,-1.0130530993143718,balanced,train
2020-08-16,GBCO,5.532383282979329,aggressive,train
2020-08-16,GDWA,,,train
2020-08-16,HDBK,-4.203449805577596,conservative,train
2020-08-16,HELI,5.491971969604492,aggressive,train
2020-08-16,HRHO,3.7314260601997375,balanced,train
2020-08-16,IRON,5.554533004760742,aggressive,train
2020-08-16,ISPH,-4.424686590830485,conservative,train
2020-08-16,JUFO,2.6104354858398438,balanced,train
2020-08-16,MASR,4.98324982325236,aggressive,train
2020-08-16,MCQE,5.552198092142741,aggressive,train
2020-08-16,MFPC,5.401770273844401,aggressive,train
2020-08-16,MTIE,-2.917930086453756,balanced,train
2020-08-16,OCDI,1.6926239331563313,balanced,train
2020-08-16,OFH,,,train
2020-08-16,OIH,1.4643678665161133,balanced,train
2020-08-16,ORAS,-5.119323253631592,conservative,train
2020-08-16,ORHD,4.94535247484843,balanced,train
2020-08-16,ORWE,-5.129204273223877,conservative,train
2020-08-16,PHAR,-4.869448979695638,conservative,train
2020-08-16,PHDC,1.5722980499267578,balanced,train
2020-08-16,PRDC,,,train
2020-08-16,QNBE,-4.40200662612915,conservative,train
2020-08-16,RAYA,-1.6093796094258626,balanced,train
2020-08-16,RMDA,-2.6570051511128745,balanced,train
2020-08-16,SKPC,5.557813803354899,aggressive,train
2020-08-16,SPMD,-1.2247840563456218,balanced,train
2020-08-16,SUGR,1.6350504358609517,balanced,train
2020-08-16,SWDY,5.345620950063069,aggressive,train
2020-08-16,TALM,,,train
2020-08-16,TMGH,2.017311414082845,balanced,train
2020-08-16,VLMR,-5.224829991658528,conservative,train
2020-08-16,VLMRA,,,train
2020-11-16,ABUK,-0.9817394812901815,balanced,train
2020-11-16,ADIB,-4.786312739054362,conservative,train
2020-11-16,ALCN,2.560941696166992,balanced,train
2020-11-16,AMOC,5.458041985829671,aggressive,train
2020-11-16,ARAB,5.520644346872966,aggressive,train
2020-11-16,ARCC,5.531386216481526,aggressive,train
2020-11-16,ASPI,-0.2549285093943278,balanced,train
2020-11-16,BINV,5.522359212239583,aggressive,train
2020-11-16,BTFH,5.557690143585205,aggressive,train
2020-11-16,CCAP,4.725502808888753,balanced,train
2020-11-16,CICH,-3.5731005668640137,balanced,train
2020-11-16,CIEB,-5.167983690897624,conservative,train
2020-11-16,CIRA,-5.097331523895264,conservative,train
2020-11-16,CLHO,-4.806002934773763,conservative,train
2020-11-16,COMI,-5.20746390024821,conservative,train
2020-11-16,DSCW,5.546303113301595,aggressive,train
2020-11-16,EAST,-3.938746929168701,conservative,train
2020-11-16,EFID,-3.2040311892827353,balanced,train
2020-11-16,EFIH,,,train
2020-11-16,EGAL,5.576372146606445,aggressive,train
2020-11-16,EGCH,5.545830885569255,aggressive,train
2020-11-16,EGTS,5.415115038553874,aggressive,train
2020-11-16,EMFD,-4.6237413088480634,conservative,train
2020-11-16,ETEL,-5.175316333770752,conservative,train
2020-11-16,EXPA,0.6807276805241903,balanced,train
2020-11-16,FAIT,-4.560169061024983,conservative,train
2020-11-16,FAITA,-5.170542558034261,conservative,train
2020-11-16,FWRY,5.1720099449157715,aggressive,train
2020-11-16,GBCO,4.960585276285808,aggressive,train
2020-11-16,GDWA,,,train
2020-11-16,HDBK,-4.310397148132324,conservative,train
2020-11-16,HELI,0.6409398714701334,balanced,train
2020-11-16,HRHO,-4.841120560963948,conservative,train
2020-11-16,IRON,5.576416651407878,aggressive,train
2020-11-16,ISPH,-2.175177494684855,balanced,train
2020-11-16,JUFO,0.503946860631307,balanced,train
2020-11-16,MASR,3.4026643435160318,balanced,train
2020-11-16,MCQE,5.56568717956543,aggressive,train
2020-11-16,MFPC,5.182376066843669,aggressive,train
2020-11-16,MTIE,4.228128115336101,balanced,train
2020-11-16,OCDI,-3.814868688583374,balanced,train
2020-11-16,OFH,,,train
2020-11-16,OIH,5.417435010274251,aggressive,train
2020-11-16,ORAS,-5.189077377319336,conservative,train
2020-11-16,ORHD,5.468203067779541,aggressive,train
2020-11-16,ORWE,-4.941598097483317,conservative,train
2020-11-16,PHAR,-5.093940099080403,conservative,train
2020-11-16,PHDC,-3.3486595352490744,balanced,train
2020-11-16,PRDC,,,train
2020-11-16,QNBE,-4.7105278968811035,conservative,train
2020-11-16,RAYA,5.317136287689209,aggressive,train
2020-11-16,RMDA,1.214298556248347,balanced,train
2020-11-16,SKPC,4.3698999881744385,balanced,train
2020-11-16,SPMD,5.439876238505046,aggressive,train
2020-11-16,SUGR,3.844279130299886,balanced,train
2020-11-16,SWDY,-2.386207024256388,balanced,train
2020-11-16,TALM,,,train
2020-11-16,TMGH,-3.918771425882975,conservative,train
2020-11-16,VLMR,-5.218230247497559,conservative,train
2020-11-16,VLMRA,,,train
2021-02-15,ABUK,-3.809180498123169,balanced,train
2021-02-15,ADIB,-4.964915593465169,conservative,train
2021-02-15,ALCN,-2.8524889945983887,balanced,train
2021-02-15,AMOC,5.248376846313477,aggressive,train
2021-02-15,ARAB,5.560316403706868,aggressive,train
2021-02-15,ARCC,5.485383033752441,aggressive,train
2021-02-15,ASPI,5.126103401184082,aggressive,train
2021-02-15,BINV,5.181516329447429,aggressive,train
2021-02-15,BTFH,5.579371929168701,aggressive,train
2021-02-15,CCAP,4.374128659566243,balanced,train
2021-02-15,CICH,0.7072219451268514,balanced,train
2021-02-15,CIEB,-5.201321601867676,conservative,train
2021-02-15,CIRA,-4.524072806040446,balanced,train
2021-02-15,CLHO,-4.531605402628581,conservative,train
2021-02-15,COMI,-5.204294363657634,conservative,train
2021-02-15,DSCW,5.561297416687012,aggressive,train
2021-02-15,EAST,-4.391652663548787,balanced,train
2021-02-15,EFID,-4.829363981882731,conservative,train
2021-02-15,EFIH,,,train
2021-02-15,EGAL,5.497867266337077,aggressive,train
2021-02-15,EGCH,5.4645233154296875,aggressive,train
2021-02-15,EGTS,2.692587653795878,balanced,train
2021-02-15,EMFD,-3.7899020512898765,balanced,train
2021-02-15,ETEL,-5.156953652699788,conservative,train
2021-02-15,EXPA,2.702152371406555,balanced,train
2021-02-15,FAIT,-5.19516118367513,conservative,train
2021-02-15,FAITA,-5.041072686513265,conservative,train
2021-02-15,FWRY,4.965020179748535,aggressive,train
2021-02-15,GBCO,3.578540484110514,balanced,train
2021-02-15,GDWA,,,train
2021-02-15,HDBK,-4.750877698262532,conservative,train
2021-02-15,HELI,4.395817518234253,balanced,train
2021-02-15,HRHO,-5.217537720998128,conservative,train
2021-02-15,IRON,5.577795505523682,aggressive,train
2021-02-15,ISPH,1.2392741839090984,balanced,train
2021-02-15,JUFO,1.5698107878367107,balanced,train
2021-02-15,MASR,-2.3614931106567383,balanced,train
2021-02-15,MCQE,5.5613250732421875,aggressive,train
2021-02-15,MFPC,-4.530953566233317,balanced,train
2021-02-15,MTIE,5.170083999633789,aggressive,train
2021-02-15,OCDI,-5.0667961438496905,conservative,train
2021-02-15,OFH,,,train
2021-02-15,OIH,5.462038993835449,aggressive,train
2021-02-15,ORAS,-5.066290378570557,conservative,train
2021-02-15,ORHD,4.98908535639445,aggressive,train
2021-02-15,ORWE,-3.853902260462443,balanced,train
2021-02-15,PHAR,-4.923202673594157,conservative,train
2021-02-15,PHDC,-5.052208423614502,conservative,train
2021-02-15,PRDC,,,train
2021-02-15,QNBE,-5.020608425140381,conservative,train
2021-02-15,RAYA,5.504148165384929,aggressive,train
2021-02-15,RMDA,2.015229264895121,balanced,train
2021-02-15,SKPC,2.3904223442077637,balanced,train
2021-02-15,SPMD,5.5098598798116045,aggressive,train
2021-02-15,SUGR,5.007839679718018,aggressive,train
2021-02-15,SWDY,-4.95556100209554,conservative,train
2021-02-15,TALM,,,train
2021-02-15,TMGH,-4.912086645762126,conservative,train
2021-02-15,VLMR,-5.221032778422038,conservative,train
2021-02-15,VLMRA,,,train
2021-05-23,ABUK,-5.0321604410807295,conservative,train
2021-05-23,ADIB,-5.041172822316487,conservative,train
2021-05-23,ALCN,-2.7961233158906302,balanced,train
2021-05-23,AMOC,5.43431282043457,aggressive,train
2021-05-23,ARAB,5.575884501139323,aggressive,train
2021-05-23,ARCC,5.547703266143799,aggressive,train
2021-05-23,ASPI,5.376789093017578,aggressive,train
2021-05-23,BINV,4.7829209963480634,aggressive,train
2021-05-23,BTFH,5.579527060190837,aggressive,train
2021-05-23,CCAP,5.337586561838786,aggressive,train
2021-05-23,CICH,5.440738201141357,aggressive,train
2021-05-23,CIEB,-5.016489823659261,conservative,train
2021-05-23,CIRA,-3.745347579320272,balanced,train
2021-05-23,CLHO,-3.8846845626831055,balanced,train
2021-05-23,COMI,-5.2062656084696455,conservative,train
2021-05-23,DSCW,5.561681747436523,aggressive,train
2021-05-23,EAST,-5.11962906519572,conservative,train
2021-05-23,EFID,-4.598466714223226,conservative,train
2021-05-23,EFIH,,,train
2021-05-23,EGAL,5.289064248402913,aggressive,train
2021-05-23,EGCH,5.556242783864339,aggressive,train
2021-05-23,EGTS,4.018118540445964,balanced,train
2021-05-23,EMFD,-5.002797921498616,conservative,train
2021-05-23,ETEL,-5.07516082127889,conservative,train
2021-05-23,EXPA,-4.538169860839844,balanced,train
2021-05-23,FAIT,-5.188306967417399,conservative,train
2021-05-23,FAITA,-5.136497815450032,conservative,train
2021-05-23,FWRY,3.5415576299031577,balanced,train
2021-05-23,GBCO,3.4780022700627646,balanced,train
2021-05-23,GDWA,,,train
2021-05-23,HDBK,-3.786500175793966,balanced,train
2021-05-23,HELI,0.4784160256385803,balanced,train
2021-05-23,HRHO,-5.1270162264506025,conservative,train
2021-05-23,IRON,5.55260705947876,aggressive,train
2021-05-23,ISPH,4.454943259557088,balanced,train
2021-05-23,JUFO,1.1129265626271565,balanced,train
2021-05-23,MASR,-3.432023207346598,balanced,train
2021-05-23,MCQE,5.509148915608724,aggressive,train
2021-05-23,MFPC,-4.739376544952393,conservative,train
2021-05-23,MTIE,5.502793471018474,aggressive,train
2021-05-23,OCDI,-5.098786036173503,conservative,train
2021-05-23,OFH,5.467733860015869,aggressive,train
2021-05-23,OIH,5.009836037953694,aggressive,train
2021-05-23,ORAS,-5.09486182530721,conservative,train
2021-05-23,ORHD,0.8763451824585596,balanced,train
2021-05-23,ORWE,-2.8359211335579553,balanced,train
2021-05-23,PHAR,-5.100475788116455,conservative,train
2021-05-23,PHDC,-5.103674093882243,conservative,train
2021-05-23,PRDC,,,train
2021-05-23,QNBE,-4.960330486297607,conservative,train
2021-05-23,RAYA,5.552658716837565,aggressive,train
2021-05-23,RMDA,-0.47134443124135333,balanced,train
2021-05-23,SKPC,-1.5703331617017586,balanced,train
2021-05-23,SPMD,5.560362021128337,aggressive,train
2021-05-23,SUGR,5.553604920705159,aggressive,train
2021-05-23,SWDY,-2.151529232660929,balanced,train
2021-05-23,TALM,1.9642549653848012,balanced,train
2021-05-23,TMGH,-4.759014288584392,conservative,train
2021-05-23,VLMR,-5.192997455596924,conservative,train
2021-05-23,VLMRA,,,train
2021-08-26,ABUK,-4.995228131612142,conservative,train
2021-08-26,ADIB,5.0326870282491045,aggressive,train
2021-08-26,ALCN,-2.7536895275115967,balanced,train
2021-08-26,AMOC,3.9801891644795737,balanced,train
2021-08-26,ARAB,5.521549224853516,aggressive,train
2021-08-26,ARCC,5.5627210934956866,aggressive,train
2021-08-26,ASPI,5.5309953689575195,aggressive,train
2021-08-26,BINV,4.88721227645874,aggressive,train
2021-08-26,BTFH,5.576821962992351,aggressive,train
2021-08-26,CCAP,-0.027293582757314045,balanced,train
2021-08-26,CICH,5.503751436869304,aggressive,train
2021-08-26,CIEB,-5.182469209035237,conservative,train
2021-08-26,CIRA,-4.467841386795044,balanced,train
2021-08-26,CLHO,-3.856243371963501,balanced,train
2021-08-26,COMI,-5.219464937845866,conservative,train
2021-08-26,DSCW,5.56718381245931,aggressive,train
2021-08-26,EAST,-5.15846586227417,conservative,train
2021-08-26,EFID,-4.782546202341716,conservative,train
2021-08-26,EFIH,,,train
2021-08-26,EGAL,5.494513352711995,aggressive,train
2021-08-26,EGCH,5.288930575052897,aggressive,train
2021-08-26,EGTS,5.557379404703776,aggressive,train
2021-08-26,EMFD,-4.987252235412598,conservative,train
2021-08-26,ETEL,-5.219802697499593,conservative,train
2021-08-26,EXPA,-4.594834804534912,balanced,train
2021-08-26,FAIT,-4.883793830871582,conservative,train
2021-08-26,FAITA,-5.049180348714192,conservative,train
2021-08-26,FWRY,5.201748689015706,aggressive,train
2021-08-26,GBCO,-2.005684494972229,balanced,train
2021-08-26,GDWA,,,train
2021-08-26,HDBK,-4.7203742663065595,balanced,train
2021-08-26,HELI,-0.8365099430084229,balanced,train
2021-08-26,HRHO,-5.1471123695373535,conservative,train
2021-08-26,IRON,4.903369108835856,aggressive,train
2021-08-26,ISPH,2.626227776209513,balanced,train
2021-08-26,JUFO,-3.7904505729675293,balanced,train
2021-08-26,MASR,-0.062270561854044594,balanced,train
2021-08-26,MCQE,5.545538266499837,aggressive,train
2021-08-26,MFPC,-5.107793966929118,conservative,train
2021-08-26,MTIE,4.901304244995117,aggressive,train
2021-08-26,OCDI,-5.149080276489258,conservative,train
2021-08-26,OFH,4.465821107228597,balanced,train
2021-08-26,OIH,4.840978781382243,aggressive,train
2021-08-26,ORAS,-5.04913314183553,conservative,train
2021-08-26,ORHD,0.018576184908548992,balanced,train
2021-08-26,ORWE,-4.993086020151774,conservative,train
2021-08-26,PHAR,-4.914492766062419,conservative,train
2021-08-26,PHDC,-5.167140165964763,conservative,train
2021-08-26,PRDC,,,train
2021-08-26,QNBE,-5.083776791890462,conservative,train
2021-08-26,RAYA,5.563503742218018,aggressive,train
2021-08-26,RMDA,-2.5782368183135986,balanced,train
2021-08-26,SKPC,0.8719864288965861,balanced,train
2021-08-26,SPMD,5.56938107808431,aggressive,train
2021-08-26,SUGR,5.5597459475199384,aggressive,train
2021-08-26,SWDY,-4.738607406616211,balanced,train
2021-08-26,TALM,1.7632055282592773,balanced,train
2021-08-26,TMGH,-5.206045945485433,conservative,train
2021-08-26,VLMR,-5.214295705159505,conservative,train
2021-08-26,VLMRA,,,train
2021-11-25,ABUK,-4.759809176127116,balanced,train
2021-11-25,ADIB,5.267194430033366,aggressive,train
2021-11-25,ALCN,0.8116767803827921,balanced,train
2021-11-25,AMOC,4.8639601071675616,aggressive,train
2021-11-25,ARAB,4.737181345621745,aggressive,train
2021-11-25,ARCC,5.535197893778483,aggressive,train
2021-11-25,ASPI,5.499431610107422,aggressive,train
2021-11-25,BINV,2.716830770174662,balanced,train
2021-11-25,BTFH,5.476115544637044,aggressive,train
2021-11-25,CCAP,-3.9816762606302896,balanced,train
2021-11-25,CICH,5.44092337290446,aggressive,train
2021-11-25,CIEB,-5.1487399737040205,conservative,train
2021-11-25,CIRA,-2.983502686023712,balanced,train
2021-11-25,CLHO,-5.067825158437093,conservative,train
2021-11-25,COMI,-5.210757255554199,conservative,train
2021-11-25,DSCW,5.4382829666137695,aggressive,train
2021-11-25,EAST,-5.123199621836345,conservative,train
2021-11-25,EFID,-5.039610862731934,conservative,train
2021-11-25,EFIH,5.310851097106934,aggressive,train
2021-11-25,EGAL,5.519326051076253,aggressive,train
2021-11-25,EGCH,4.494058926900228,balanced,train
2021-11-25,EGTS,5.562564055124919,aggressive,train
2021-11-25,EMFD,-4.747603098551433,balanced,train
2021-11-25,ETEL,-5.195156097412109,conservative,train
2021-11-25,EXPA,-5.017291863759358,conservative,train
2021-11-25,FAIT,-5.186343669891357,conservative,train
2021-11-25,FAITA,-5.194675763448079,conservative,train
2021-11-25,FWRY,5.526355425516765,aggressive,train
2021-11-25,GBCO,-1.4323102633158367,balanced,train
2021-11-25,GDWA,5.472205479939778,aggressive,train
2021-11-25,HDBK,-5.0432047843933105,conservative,train
2021-11-25,HELI,4.15289831161499,balanced,train
2021-11-25,HRHO,-4.910906950632731,conservative,train
2021-11-25,IRON,-3.9454203446706138,balanced,train
2021-11-25,ISPH,-4.504350662231445,balanced,train
2021-11-25,JUFO,-5.1293792724609375,conservative,train
2021-11-25,MASR,4.788942178090413,aggressive,train
2021-11-25,MCQE,5.555893739064534,aggressive,train
2021-11-25,MFPC,-4.990921179453532,conservative,train
2021-11-25,MTIE,3.2693336407343545,balanced,train
2021-11-25,OCDI,-2.885213255882263,balanced,train
2021-11-25,OFH,-3.6138654549916587,balanced,train
2021-11-25,OIH,4.79387108484904,aggressive,train
2021-11-25,ORAS,-4.8944986661275225,conservative,train
2021-11-25,ORHD,-1.1072339018185933,balanced,train
2021-11-25,ORWE,-5.191484451293945,conservative,train
2021-11-25,PHAR,-4.7165679931640625,balanced,train
2021-11-25,PHDC,-4.894295374552409,conservative,train
2021-11-25,PRDC,5.466073830922444,aggressive,train
2021-11-25,QNBE,-4.786647319793701,conservative,train
2021-11-25,RAYA,5.319290320078532,aggressive,train
2021-11-25,RMDA,1.7962724367777507,balanced,train
2021-11-25,SKPC,3.685744365056356,balanced,train
2021-11-25,SPMD,5.540321985880534,aggressive,train
2021-11-25,SUGR,5.589277108510335,aggressive,train
2021-11-25,SWDY,-5.120643933614095,conservative,train
2021-11-25,TALM,-3.4175535837809243,balanced,train
2021-11-25,TMGH,-5.188363711039226,conservative,train
2021-11-25,VLMR,-5.215431213378906,conservative,train
2021-11-25,VLMRA,-4.451630274454753,balanced,train
2022-02-24,ABUK,-5.025158087412517,conservative,train
2022-02-24,ADIB,-1.0882689158121746,balanced,train
2022-02-24,ALCN,5.180183569590251,aggressive,train
2022-02-24,AMOC,1.8614382048447926,balanced,train
2022-02-24,ARAB,5.5083597501118975,aggressive,train
2022-02-24,ARCC,4.932069460550944,aggressive,train
2022-02-24,ASPI,5.526187101999919,aggressive,train
2022-02-24,BINV,4.615086634953816,aggressive,train
2022-02-24,BTFH,5.552237669626872,aggressive,train
2022-02-24,CCAP,0.4715808828671773,balanced,train
2022-02-24,CICH,4.86050271987915,aggressive,train
2022-02-24,CIEB,-4.379475355148315,balanced,train
2022-02-24,CIRA,-4.862408479054769,conservative,train
2022-02-24,CLHO,-4.936640739440918,conservative,train
2022-02-24,COMI,-5.194520632425944,conservative,train
2022-02-24,DSCW,5.508011658986409,aggressive,train
2022-02-24,EAST,-5.169432004292806,conservative,train
2022-02-24,EFID,-4.911495208740234,conservative,train
2022-02-24,EFIH,1.8179763158162434,balanced,train
2022-02-24,EGAL,5.443874835968018,aggressive,train
2022-02-24,EGCH,1.734071135520935,balanced,train
2022-02-24,EGTS,5.2754597663879395,aggressive,train
2022-02-24,EMFD,-4.815804799397786,conservative,train
2022-02-24,ETEL,-5.2088212966918945,conservative,train
2022-02-24,EXPA,-5.136606852213542,conservative,train
2022-02-24,FAIT,-5.191462993621826,conservative,train
2022-02-24,FAITA,-5.200625896453857,conservative,train
2022-02-24,FWRY,5.456859906514485,aggressive,train
2022-02-24,GBCO,2.771890640258789,balanced,train
2022-02-24,GDWA,5.057913939158122,aggressive,train
2022-02-24,HDBK,-5.038970311482747,conservative,train
2022-02-24,HELI,5.554226398468018,aggressive,train
2022-02-24,HRHO,-2.1221984227498374,balanced,train
2022-02-24,IRON,-4.899791876475017,conservative,train
2022-02-24,ISPH,1.40286918481191,balanced,train
2022-02-24,JUFO,-5.163227717081706,conservative,train
2022-02-24,MASR,5.396519502003987,aggressive,train
2022-02-24,MCQE,3.3092695077260337,balanced,train
2022-02-24,MFPC,-4.722516854604085,conservative,train
2022-02-24,MTIE,5.551458199818929,aggressive,train
2022-02-24,OCDI,1.715168873469035,balanced,train
2022-02-24,OFH,-3.339211563269297,balanced,train
2022-02-24,OIH,5.17283296585083,aggressive,train
2022-02-24,ORAS,-5.1626637776692705,conservative,train
2022-02-24,ORHD,3.53781795501709,balanced,train
2022-02-24,ORWE,-5.097301324208577,conservative,train
2022-02-24,PHAR,-5.083433151245117,conservative,train
2022-02-24,PHDC,0.13507829109827676,balanced,train
2022-02-24,PRDC,5.558489958445231,aggressive,train
2022-02-24,QNBE,-0.6755260626475016,balanced,train
2022-02-24,RAYA,5.450130303700765,aggressive,train
2022-02-24,RMDA,3.9209702809651694,balanced,train
2022-02-24,SKPC,-1.4248351256052654,balanced,train
2022-02-24,SPMD,5.546305020650228,aggressive,train
2022-02-24,SUGR,5.563928127288818,aggressive,train
2022-02-24,SWDY,-5.104836781819661,conservative,train
2022-02-24,TALM,3.5674571990966797,balanced,train
2022-02-24,TMGH,-4.417519251505534,balanced,train
2022-02-24,VLMR,-5.2174332936604815,conservative,train
2022-02-24,VLMRA,-2.9049124717712402,balanced,train
2022-06-02,ABUK,-5.118463039398193,conservative,train
2022-06-02,ADIB,-4.556639512379964,balanced,train
2022-06-02,ALCN,5.582681814829509,aggressive,train
2022-06-02,AMOC,-3.8684314092000327,balanced,train
2022-06-02,ARAB,5.5403445561726885,aggressive,train
2022-06-02,ARCC,5.51366662979126,aggressive,train
2022-06-02,ASPI,5.5255513191223145,aggressive,train
2022-06-02,BINV,5.148371696472168,aggressive,train
2022-06-02,BTFH,5.391269683837891,aggressive,train
2022-06-02,CCAP,4.360962152481079,balanced,train
2022-06-02,CICH,1.0476784718533356,balanced,train
2022-06-02,CIEB,-1.7540080547332764,balanced,train
2022-06-02,CIRA,-4.884624004364014,conservative,train
2022-06-02,CLHO,-4.526752312978108,balanced,train
2022-06-02,COMI,-5.220277150472005,conservative,train
2022-06-02,DSCW,5.530674934387207,aggressive,train
2022-06-02,EAST,-5.203543345133464,conservative,train
2022-06-02,EFID,-5.08425251642863,conservative,train
2022-06-02,EFIH,-2.422393480936686,balanced,train
2022-06-02,EGAL,5.419336477915446,aggressive,train
2022-06-02,EGCH,2.879580020904541,balanced,train
2022-06-02,EGTS,5.0926513671875,balanced,train
2022-06-02,EMFD,-5.0447953542073565,conservative,train
2022-06-02,ETEL,-5.219692389170329,conservative,train
2022-06-02,EXPA,-5.160810311635335,conservative,train
2022-06-02,FAIT,-5.192463397979736,conservative,train
2022-06-02,FAITA,-5.210139751434326,conservative,train
2022-06-02,FWRY,5.362213611602783,aggressive,train
2022-06-02,GBCO,5.577842553456624,aggressive,train
2022-06-02,GDWA,3.2370054721832275,balanced,train
2022-06-02,HDBK,-4.999195416768392,conservative,train
2022-06-02,HELI,5.449938774108887,aggressive,train
2022-06-02,HRHO,0.1693167338768641,balanced,train
2022-06-02,IRON,-4.895955562591553,conservative,train
2022-06-02,ISPH,5.307257493336995,aggressive,train
2022-06-02,JUFO,-2.734331210454305,balanced,train
2022-06-02,MASR,5.360429128011067,aggressive,train
2022-06-02,MCQE,-4.938493887583415,conservative,train
2022-06-02,MFPC,-5.0729594230651855,conservative,train
2022-06-02,MTIE,5.590871810913086,aggressive,train
2022-06-02,OCDI,-1.9246156215667725,balanced,train
2022-06-02,OFH,1.5653643608093262,balanced,train
2022-06-02,OIH,-3.7713325023651123,balanced,train
2022-06-02,ORAS,-4.894241809844971,conservative,train
2022-06-02,ORHD,5.568543275197347,aggressive,train
2022-06-02,ORWE,-5.088303724924724,conservative,train
2022-06-02,PHAR,-5.1054755846659345,conservative,train
2022-06-02,PHDC,5.314499378204346,aggressive,train
2022-06-02,PRDC,4.513393878936768,balanced,train
2022-06-02,QNBE,1.3718103965123494,balanced,train
2022-06-02,RAYA,5.370264371236165,aggressive,train
2022-06-02,RMDA,1.4723803202311199,balanced,train
2022-06-02,SKPC,-4.611437638600667,conservative,train
2022-06-02,SPMD,5.542592207590739,aggressive,train
2022-06-02,SUGR,5.457871437072754,aggressive,train
2022-06-02,SWDY,-4.643496036529541,conservative,train
2022-06-02,TALM,5.542051792144775,aggressive,train
2022-06-02,TMGH,-3.9788216749827066,balanced,train
2022-06-02,VLMR,-5.208896954854329,conservative,train
2022-06-02,VLMRA,-2.8133807380994162,balanced,train
2022-09-07,ABUK,-4.63140869140625,conservative,train
2022-09-07,ADIB,-5.165703137715657,conservative,train
2022-09-07,ALCN,5.467641194661458,aggressive,train
2022-09-07,AMOC,-4.870009899139404,conservative,train
2022-09-07,ARAB,5.515913327534993,aggressive,train
2022-09-07,ARCC,4.251633485158284,balanced,train
2022-09-07,ASPI,5.141887187957764,aggressive,train
2022-09-07,BINV,5.3163886070251465,aggressive,train
2022-09-07,BTFH,5.567917823791504,aggressive,train
2022-09-07,CCAP,5.2341945966084795,aggressive,train
2022-09-07,CICH,-4.504251956939697,balanced,train
2022-09-07,CIEB,-3.7088350454966226,balanced,train
2022-09-07,CIRA,-1.4001550277074177,balanced,train
2022-09-07,CLHO,1.1276479164759319,balanced,train
2022-09-07,COMI,-5.171146869659424,conservative,train
2022-09-07,DSCW,5.487696488698323,aggressive,train
2022-09-07,EAST,-5.194115002950032,conservative,train
2022-09-07,EFID,-4.712736527125041,conservative,train
2022-09-07,EFIH,0.6833484868208567,balanced,train
2022-09-07,EGAL,5.478338718414307,aggressive,train
2022-09-07,EGCH,4.8228302001953125,aggressive,train
2022-09-07,EGTS,-0.9086974859237671,balanced,train
2022-09-07,EMFD,-4.960674285888672,conservative,train
2022-09-07,ETEL,-4.713148752848308,conservative,train
2022-09-07,EXPA,-5.0964047114054365,conservative,train
2022-09-07,FAIT,-5.205888112386067,conservative,train
2022-09-07,FAITA,-5.192122141520183,conservative,train
2022-09-07,FWRY,5.567238171895345,aggressive,train
2022-09-07,GBCO,5.555315176645915,aggressive,train
2022-09-07,GDWA,-3.950498580932617,balanced,train
2022-09-07,HDBK,-5.198534806569417,conservative,train
2022-09-07,HELI,5.040867646535237,aggressive,train
2022-09-07,HRHO,-1.0545002619425456,balanced,train
2022-09-07,IRON,-4.7423733075459795,conservative,train
2022-09-07,ISPH,5.574263254801433,aggressive,train
2022-09-07,JUFO,2.254288375377655,balanced,train
2022-09-07,MASR,5.258651256561279,aggressive,train
2022-09-07,MCQE,-5.185247898101807,conservative,train
2022-09-07,MFPC,-5.122880299886067,conservative,train
2022-09-07,MTIE,5.567399183909099,aggressive,train
2022-09-07,OCDI,-4.045983632405599,balanced,train
2022-09-07,OFH,3.8294357458750405,balanced,train
2022-09-07,OIH,-4.495738983154297,balanced,train
2022-09-07,ORAS,-4.55856196085612,balanced,train
2022-09-07,ORHD,5.1207200686136884,aggressive,train
2022-09-07,ORWE,-5.03160031636556,conservative,train
2022-09-07,PHAR,-5.024936040242513,conservative,train
2022-09-07,PHDC,5.165757497151692,aggressive,train
2022-09-07,PRDC,-5.105596701304118,conservative,train
2022-09-07,QNBE,-0.8737076123555502,balanced,train
2022-09-07,RAYA,5.562057971954346,aggressive,train
2022-09-07,RMDA,-3.12890895207723,balanced,train
2022-09-07,SKPC,-5.049936135609944,conservative,train
2022-09-07,SPMD,5.5920030275980634,aggressive,train
2022-09-07,SUGR,4.022999048233032,balanced,train
2022-09-07,SWDY,-3.677461783091227,balanced,train
2022-09-07,TALM,5.546407222747803,aggressive,train
2022-09-07,TMGH,-4.208798249562581,balanced,train
2022-09-07,VLMR,-5.168777942657471,conservative,train
2022-09-07,VLMRA,-0.8444059093793234,balanced,train
2022-12-06,ABUK,-4.9115034739176435,conservative,train
2022-12-06,ADIB,-3.5260509649912515,balanced,train
2022-12-06,ALCN,5.325673739115397,aggressive,train
2022-12-06,AMOC,-0.865223386635383,balanced,train
2022-12-06,ARAB,5.521836598714192,aggressive,train
2022-12-06,ARCC,-3.1024746100107827,balanced,train
2022-12-06,ASPI,2.289414167404175,balanced,train
2022-12-06,BINV,5.008552074432373,aggressive,train
2022-12-06,BTFH,5.582274913787842,aggressive,train
2022-12-06,CCAP,5.442307472229004,aggressive,train
2022-12-06,CICH,-3.063645521799723,balanced,train
2022-12-06,CIEB,-2.9333767096201577,balanced,train
2022-12-06,CIRA,-4.093984603881836,conservative,train
2022-12-06,CLHO,-4.4278256098429365,conservative,train
2022-12-06,COMI,-5.074145158131917,conservative,train
2022-12-06,DSCW,5.547577540079753,aggressive,train
2022-12-06,EAST,-1.8027788003285725,balanced,train
2022-12-06,EFID,-4.578622817993164,conservative,train
2022-12-06,EFIH,3.4863982014358044,aggressive,train
2022-12-06,EGAL,5.470218022664388,aggressive,train
2022-12-06,EGCH,5.554507255554199,aggressive,train
2022-12-06,EGTS,0.566666861375173,balanced,train
2022-12-06,EMFD,-4.745650768280029,conservative,train
2022-12-06,ETEL,-4.29299529393514,conservative,train
2022-12-06,EXPA,-5.1094160079956055,conservative,train
2022-12-06,FAIT,-4.791903972625732,conservative,train
2022-12-06,FAITA,-5.199962615966797,conservative,train
2022-12-06,FWRY,5.550075848897298,aggressive,train
2022-12-06,GBCO,5.416008313496907,aggressive,train
2022-12-06,GDWA,3.7371837298075357,aggressive,train
2022-12-06,HDBK,-4.529227097829183,conservative,train
2022-12-06,HELI,3.4225046038627625,balanced,train
2022-12-06,HRHO,-5.043320496877034,conservative,train
2022-12-06,IRON,-2.0846844911575317,balanced,train
2022-12-06,ISPH,5.41936731338501,aggressive,train
2022-12-06,JUFO,-2.2913374106089273,balanced,train
2022-12-06,MASR,5.4471737543741865,aggressive,train
2022-12-06,MCQE,-5.115869998931885,conservative,train
2022-12-06,MFPC,-5.216490586598714,conservative,train
2022-12-06,MTIE,5.5627671877543134,aggressive,train
2022-12-06,OCDI,-4.538911660512288,conservative,train
2022-12-06,OFH,0.2546083132425944,balanced,train
2022-12-06,OIH,-2.655822525421778,balanced,train
2022-12-06,ORAS,-5.07449992497762,conservative,train
2022-12-06,ORHD,3.698575258255005,aggressive,train
2022-12-06,ORWE,-1.5452459653218586,balanced,train
2022-12-06,PHAR,-5.140063603719075,conservative,train
2022-12-06,PHDC,1.8615830739339192,balanced,train
2022-12-06,PRDC,-5.070657412211101,conservative,train
2022-12-06,QNBE,-1.3405684630076091,balanced,train
2022-12-06,RAYA,5.586058139801025,aggressive,train
2022-12-06,RMDA,-3.5248965422312417,balanced,train
2022-12-06,SKPC,-1.073370138804118,balanced,train
2022-12-06,SPMD,5.249056975046794,aggressive,train
2022-12-06,SUGR,4.180813709894816,aggressive,train
2022-12-06,SWDY,2.0337764422098794,balanced,train
2022-12-06,TALM,5.507192929585774,aggressive,train
2022-12-06,TMGH,-5.075771967569987,conservative,train
2022-12-06,VLMR,-5.212859153747559,conservative,train
2022-12-06,VLMRA,1.0151137709617615,balanced,train
2023-03-08,ABUK,-5.139388720194499,conservative,train
2023-03-08,ADIB,2.1631606817245483,balanced,train
2023-03-08,ALCN,5.523111661275228,aggressive,train
2023-03-08,AMOC,2.9954392512639365,balanced,train
2023-03-08,ARAB,2.991375426451365,balanced,train
2023-03-08,ARCC,-0.3817355235417684,balanced,train
2023-03-08,ASPI,3.299145261446635,balanced,train
2023-03-08,BINV,0.7297831972440084,balanced,train
2023-03-08,BTFH,5.559931596120198,aggressive,train
2023-03-08,CCAP,5.576285362243652,aggressive,train
2023-03-08,CICH,2.15913979212443,balanced,train
2023-03-08,CIEB,4.7340718905131025,aggressive,train
2023-03-08,CIRA,-4.612439155578613,conservative,train
2023-03-08,CLHO,-4.056977351506551,conservative,train
2023-03-08,COMI,-4.679517428080241,conservative,train
2023-03-08,DSCW,4.983788887659709,aggressive,train
2023-03-08,EAST,0.5315980315208435,balanced,train
2023-03-08,EFID,-4.856729348500569,conservative,train
2023-03-08,EFIH,1.8467578887939453,balanced,train
2023-03-08,EGAL,5.297505855560303,aggressive,train
2023-03-08,EGCH,5.558547655741374,aggressive,train
2023-03-08,EGTS,-0.25201769669850665,balanced,train
2023-03-08,EMFD,-4.967176119486491,conservative,train
2023-03-08,ETEL,2.4200073877970376,balanced,train
2023-03-08,EXPA,-1.0331615606943767,balanced,train
2023-03-08,FAIT,-1.6950258413950603,balanced,train
2023-03-08,FAITA,-5.163931051890056,conservative,train
2023-03-08,FWRY,4.501018683115642,aggressive,train
2023-03-08,GBCO,5.504768053690593,aggressive,train
2023-03-08,GDWA,5.378807703653972,aggressive,train
2023-03-08,HDBK,-5.0504679679870605,conservative,train
2023-03-08,HELI,5.5914740562438965,aggressive,train
2023-03-08,HRHO,-3.7011762460072837,conservative,train
2023-03-08,IRON,-1.4619506001472473,balanced,train
2023-03-08,ISPH,3.7749082247416177,aggressive,train
2023-03-08,JUFO,1.5942216714223225,balanced,train
2023-03-08,MASR,5.48258097966512,aggressive,train
2023-03-08,MCQE,-4.086696227391561,conservative,train
2023-03-08,MFPC,-5.2037919362386065,conservative,train
2023-03-08,MTIE,5.573068300882976,aggressive,train
2023-03-08,OCDI,-1.783406416575114,balanced,train
2023-03-08,OFH,-4.664918422698975,conservative,train
2023-03-08,OIH,2.0539873441060386,balanced,train
2023-03-08,ORAS,-4.9720784823099775,conservative,train
2023-03-08,ORHD,5.242692470550537,aggressive,train
2023-03-08,ORWE,5.166210651397705,aggressive,train
2023-03-08,PHAR,-5.1573112805684405,conservative,train
2023-03-08,PHDC,5.4810722668965655,aggressive,train
2023-03-08,PRDC,-3.8550220330556235,conservative,train
2023-03-08,QNBE,-4.820089022318522,conservative,train
2023-03-08,RAYA,5.5867641766866045,aggressive,train
2023-03-08,RMDA,-3.748191754023234,conservative,train
2023-03-08,SKPC,5.254371007283528,aggressive,train
2023-03-08,SPMD,1.7928036053975422,balanced,train
2023-03-08,SUGR,-2.7522323528925576,balanced,train
2023-03-08,SWDY,5.223282178243001,aggressive,train
2023-03-08,TALM,3.3623663584391275,balanced,train
2023-03-08,TMGH,-5.047628243764241,conservative,train
2023-03-08,VLMR,-5.188600222269694,conservative,train
2023-03-08,VLMRA,-3.2310567597548165,conservative,train
2023-06-14,ABUK,,,train
2023-06-14,ADIB,,,train
2023-06-14,ALCN,,,train
2023-06-14,AMOC,,,train
2023-06-14,ARAB,,,train
2023-06-14,ARCC,,,train
2023-06-14,ASPI,,,train
2023-06-14,BINV,,,train
2023-06-14,BTFH,,,train
2023-06-14,CCAP,,,train
2023-06-14,CICH,,,train
2023-06-14,CIEB,,,train
2023-06-14,CIRA,,,train
2023-06-14,CLHO,,,train
2023-06-14,COMI,,,train
2023-06-14,DSCW,,,train
2023-06-14,EAST,,,train
2023-06-14,EFID,,,train
2023-06-14,EFIH,,,train
2023-06-14,EGAL,,,train
2023-06-14,EGCH,,,train
2023-06-14,EGTS,,,train
2023-06-14,EMFD,,,train
2023-06-14,ETEL,,,train
2023-06-14,EXPA,,,train
2023-06-14,FAIT,,,train
2023-06-14,FAITA,,,train
2023-06-14,FWRY,,,train
2023-06-14,GBCO,,,train
2023-06-14,GDWA,,,train
2023-06-14,HDBK,,,train
2023-06-14,HELI,,,train
2023-06-14,HRHO,,,train
2023-06-14,IRON,,,train
2023-06-14,ISPH,,,train
2023-06-14,JUFO,,,train
2023-06-14,MASR,,,train
2023-06-14,MCQE,,,train
2023-06-14,MFPC,,,train
2023-06-14,MTIE,,,train
2023-06-14,OCDI,,,train
2023-06-14,OFH,,,train
2023-06-14,OIH,,,train
2023-06-14,ORAS,,,train
2023-06-14,ORHD,,,train
2023-06-14,ORWE,,,train
2023-06-14,PHAR,,,train
2023-06-14,PHDC,,,train
2023-06-14,PRDC,,,train
2023-06-14,QNBE,,,train
2023-06-14,RAYA,,,train
2023-06-14,RMDA,,,train
2023-06-14,SKPC,,,train
2023-06-14,SPMD,,,train
2023-06-14,SUGR,,,train
2023-06-14,SWDY,,,train
2023-06-14,TALM,,,train
2023-06-14,TMGH,,,train
2023-06-14,VLMR,,,train
2023-06-14,VLMRA,,,train
2024-01-02,ABUK,4.146488030751546,aggressive,test
2024-01-02,ADIB,3.276288092136383,balanced,test
2024-01-02,ALCN,1.9874108632405598,balanced,test
2024-01-02,AMOC,5.183075904846191,aggressive,test
2024-01-02,ARAB,1.521185080210368,balanced,test
2024-01-02,ARCC,-3.7702673276265464,conservative,test
2024-01-02,ASPI,2.1698419650395713,balanced,test
2024-01-02,BINV,4.2915470997492475,aggressive,test
2024-01-02,BTFH,4.993757963180542,aggressive,test
2024-01-02,CCAP,5.162947018941243,aggressive,test
2024-01-02,CICH,0.7256185213724772,balanced,test
2024-01-02,CIEB,3.5497097683449588,balanced,test
2024-01-02,CIRA,-5.121584892272949,conservative,test
2024-01-02,CLHO,-4.9513258934021,conservative,test
2024-01-02,COMI,-5.224412600199382,conservative,test
2024-01-02,DSCW,1.6173413594563801,balanced,test
2024-01-02,EAST,3.6851157943407693,balanced,test
2024-01-02,EFID,-4.9595411618550616,conservative,test
2024-01-02,EFIH,-4.521103064219157,conservative,test
2024-01-02,EGAL,5.438018163045247,aggressive,test
2024-01-02,EGCH,5.52896245320638,aggressive,test
2024-01-02,EGTS,5.214675426483154,aggressive,test
2024-01-02,EMFD,-3.410503387451172,conservative,test
2024-01-02,ETEL,-5.198734124501546,conservative,test
2024-01-02,EXPA,-1.8742183844248455,balanced,test
2024-01-02,FAIT,-5.161876519521077,conservative,test
2024-01-02,FAITA,-5.188807646433513,conservative,test
2024-01-02,FWRY,-3.6631664435068765,conservative,test
2024-01-02,GBCO,5.339074770609538,aggressive,test
2024-01-02,GDWA,5.1159586906433105,aggressive,test
2024-01-02,HDBK,-5.140364487965901,conservative,test
2024-01-02,HELI,0.6160847743352255,balanced,test
2024-01-02,HRHO,-5.218238194783528,conservative,test
2024-01-02,IRON,-1.8993619879086812,balanced,test
2024-01-02,ISPH,3.7185414334138236,aggressive,test
2024-01-02,JUFO,3.278616964817047,balanced,test
2024-01-02,MASR,-0.3935256799062093,balanced,test
2024-01-02,MCQE,-4.132531483968099,conservative,test
2024-01-02,MFPC,5.579098542531331,aggressive,test
2024-01-02,MTIE,5.475761731465657,aggressive,test
2024-01-02,OCDI,2.5417652130126953,balanced,test
2024-01-02,OFH,2.1890494227409363,balanced,test
2024-01-02,OIH,5.357096831003825,aggressive,test
2024-01-02,ORAS,-2.757638136545817,balanced,test
2024-01-02,ORHD,5.390018781026204,aggressive,test
2024-01-02,ORWE,4.392377694447835,aggressive,test
2024-01-02,PHAR,-3.906591256459554,conservative,test
2024-01-02,PHDC,1.0114082706471283,balanced,test
2024-01-02,PRDC,-3.3342241247495017,conservative,test
2024-01-02,QNBE,-5.029835383097331,conservative,test
2024-01-02,RAYA,2.8113898436228433,balanced,test
2024-01-02,RMDA,-1.5974065860112507,balanced,test
2024-01-02,SKPC,5.200602690378825,aggressive,test
2024-01-02,SPMD,3.6197639306386313,balanced,test
2024-01-02,SUGR,5.415838400522868,aggressive,test
2024-01-02,SWDY,-3.9962844053904214,conservative,test
2024-01-02,TALM,-3.7893874645233154,conservative,test
2024-01-02,TMGH,5.5453721682230634,aggressive,test
2024-01-02,VLMR,-5.0267988840738935,conservative,test
2024-01-02,VLMRA,5.391892751057942,aggressive,test
2024-04-02,ABUK,3.7404510577519736,balanced,test
2024-04-02,ADIB,-1.3226505915323894,balanced,test
2024-04-02,ALCN,5.5922958056132,aggressive,test
2024-04-02,AMOC,2.256892442703247,balanced,test
2024-04-02,ARAB,4.473504543304443,balanced,test
2024-04-02,ARCC,4.975928783416748,balanced,test
2024-04-02,ASPI,4.349413871765137,balanced,test
2024-04-02,BINV,2.781460920969645,balanced,test
2024-04-02,BTFH,-3.4683845043182373,conservative,test
2024-04-02,CCAP,5.426632881164551,aggressive,test
2024-04-02,CICH,-5.166024684906006,conservative,test
2024-04-02,CIEB,4.876883665720622,balanced,test
2024-04-02,CIRA,-5.108169714609782,conservative,test
2024-04-02,CLHO,-5.175881703694661,conservative,test
2024-04-02,COMI,-5.201220194498698,conservative,test
2024-04-02,DSCW,0.6086594859759012,balanced,test
2024-04-02,EAST,1.6130011876424153,balanced,test
2024-04-02,EFID,-4.322161038716634,conservative,test
2024-04-02,EFIH,5.524667263031006,aggressive,test
2024-04-02,EGAL,5.563996156056722,aggressive,test
2024-04-02,EGCH,5.02975066502889,aggressive,test
2024-04-02,EGTS,2.8976743817329407,balanced,test
2024-04-02,EMFD,5.565685590108235,aggressive,test
2024-04-02,ETEL,-5.149640878041585,conservative,test
2024-04-02,EXPA,-4.939660867055257,conservative,test
2024-04-02,FAIT,-5.113066514333089,conservative,test
2024-04-02,FAITA,-5.123425324757894,conservative,test
2024-04-02,FWRY,3.083160479863485,balanced,test
2024-04-02,GBCO,-0.6906230847040812,balanced,test
2024-04-02,GDWA,5.084104855855306,aggressive,test
2024-04-02,HDBK,-5.18987496693929,conservative,test
2024-04-02,HELI,-1.0093316634496052,balanced,test
2024-04-02,HRHO,-5.1798164049784345,conservative,test
2024-04-02,IRON,-2.8568981488545737,balanced,test
2024-04-02,ISPH,5.49017318089803,aggressive,test
2024-04-02,JUFO,-2.941060702006022,conservative,test
2024-04-02,MASR,5.368592580159505,aggressive,test
2024-04-02,MCQE,2.1908892591794333,balanced,test
2024-04-02,MFPC,5.574108441670735,aggressive,test
2024-04-02,MTIE,5.555153687795003,aggressive,test
2024-04-02,OCDI,5.549882888793945,aggressive,test
2024-04-02,OFH,-3.7141710917154946,conservative,test
2024-04-02,OIH,5.352590878804524,aggressive,test
2024-04-02,ORAS,-5.042884190877278,conservative,test
2024-04-02,ORHD,5.529473304748535,aggressive,test
2024-04-02,ORWE,5.562627792358398,aggressive,test
2024-04-02,PHAR,-5.129230817159017,conservative,test
2024-04-02,PHDC,4.402080694834392,balanced,test
2024-04-02,PRDC,-3.9890007972717285,conservative,test
2024-04-02,QNBE,-4.978752136230469,conservative,test
2024-04-02,RAYA,5.397844950358073,aggressive,test
2024-04-02,RMDA,1.5351966222127278,balanced,test
2024-04-02,SKPC,5.475099563598633,aggressive,test
2024-04-02,SPMD,2.0312279065450034,balanced,test
2024-04-02,SUGR,5.208381175994873,aggressive,test
2024-04-02,SWDY,5.218661626180013,aggressive,test
2024-04-02,TALM,-4.598635832468669,conservative,test
2024-04-02,TMGH,5.560080687204997,aggressive,test
2024-04-02,VLMR,-5.193274815877278,conservative,test
2024-04-02,VLMRA,4.147318998972575,balanced,test
2024-07-18,ABUK,2.3348968029022217,balanced,test
2024-07-18,ADIB,-2.6395501693089805,balanced,test
2024-07-18,ALCN,4.810196081797282,aggressive,test
2024-07-18,AMOC,-0.9317141572634379,balanced,test
2024-07-18,ARAB,3.0400429566701255,balanced,test
2024-07-18,ARCC,5.345209916432698,aggressive,test
2024-07-18,ASPI,3.3016797502835593,balanced,test
2024-07-18,BINV,-1.1126896540323894,balanced,test
2024-07-18,BTFH,-4.350228548049927,conservative,test
2024-07-18,CCAP,5.584896405537923,aggressive,test
2024-07-18,CICH,-4.951383272806804,conservative,test
2024-07-18,CIEB,-4.2452126344045,conservative,test
2024-07-18,CIRA,-5.165472984313965,conservative,test
2024-07-18,CLHO,-5.078049341837565,conservative,test
2024-07-18,COMI,-5.225592613220215,conservative,test
2024-07-18,DSCW,0.5307117303212484,balanced,test
2024-07-18,EAST,-1.781060775121053,balanced,test
2024-07-18,EFID,-4.634914398193359,conservative,test
2024-07-18,EFIH,5.55472199122111,aggressive,test
2024-07-18,EGAL,5.164270718892415,aggressive,test
2024-07-18,EGCH,-3.6357813278834024,conservative,test
2024-07-18,EGTS,3.6479939619700112,balanced,test
2024-07-18,EMFD,5.538888613382976,aggressive,test
2024-07-18,ETEL,-5.126773198445638,conservative,test
2024-07-18,EXPA,-5.053654829661052,conservative,test
2024-07-18,FAIT,-5.153345584869385,conservative,test
2024-07-18,FAITA,-5.098629315694173,conservative,test
2024-07-18,FWRY,4.281105717023213,aggressive,test
2024-07-18,GBCO,1.4341808358828227,balanced,test
2024-07-18,GDWA,5.471179485321045,aggressive,test
2024-07-18,HDBK,-5.159297625223796,conservative,test
2024-07-18,HELI,4.0461039543151855,aggressive,test
2024-07-18,HRHO,-3.638908863067627,conservative,test
2024-07-18,IRON,-3.0494745473066964,conservative,test
2024-07-18,ISPH,4.762374083201091,aggressive,test
2024-07-18,JUFO,-1.974198321501414,balanced,test
2024-07-18,MASR,1.8962469100952148,balanced,test
2024-07-18,MCQE,1.4822096824645996,balanced,test
2024-07-18,MFPC,5.58595625559489,aggressive,test
2024-07-18,MTIE,5.5513871510823565,aggressive,test
2024-07-18,OCDI,5.576801300048828,aggressive,test
2024-07-18,OFH,-1.2947864532470703,balanced,test
2024-07-18,OIH,4.646555741628011,aggressive,test
2024-07-18,ORAS,-3.891183773676554,conservative,test
2024-07-18,ORHD,5.355318069458008,aggressive,test
2024-07-18,ORWE,0.7434291044871012,balanced,test
2024-07-18,PHAR,-5.181269486745198,conservative,test
2024-07-18,PHDC,5.10992431640625,aggressive,test
2024-07-18,PRDC,0.09595974286397298,balanced,test
2024-07-18,QNBE,-4.908025582631429,conservative,test
2024-07-18,RAYA,5.517678260803223,aggressive,test
2024-07-18,RMDA,0.9430477619171143,balanced,test
2024-07-18,SKPC,5.303467591603597,aggressive,test
2024-07-18,SPMD,-2.4364580710728965,balanced,test
2024-07-18,SUGR,-0.41431277866164845,balanced,test
2024-07-18,SWDY,5.425706227620442,aggressive,test
2024-07-18,TALM,-4.920403957366943,conservative,test
2024-07-18,TMGH,5.568417390187581,aggressive,test
2024-07-18,VLMR,-5.1689629554748535,conservative,test
2024-07-18,VLMRA,1.6701159477233887,balanced,test
2024-10-20,ABUK,-0.5305604934692383,balanced,test
2024-10-20,ADIB,-5.063699881235759,conservative,test
2024-10-20,ALCN,2.8660175800323486,balanced,test
2024-10-20,AMOC,2.2121411164601645,balanced,test
2024-10-20,ARAB,5.476388613382976,aggressive,test
2024-10-20,ARCC,4.263646284739177,aggressive,test
2024-10-20,ASPI,5.495005448659261,aggressive,test
2024-10-20,BINV,0.9849959214528402,balanced,test
2024-10-20,BTFH,2.4477639198303223,balanced,test
2024-10-20,CCAP,5.571743647257487,aggressive,test
2024-10-20,CICH,-4.607633908589681,conservative,test
2024-10-20,CIEB,-5.115405400594075,conservative,test
2024-10-20,CIRA,-5.123513539632161,conservative,test
2024-10-20,CLHO,2.052459955215454,balanced,test
2024-10-20,COMI,-5.202009836832683,conservative,test
2024-10-20,DSCW,5.376414616902669,aggressive,test
2024-10-20,EAST,-0.3382833003997803,balanced,test
2024-10-20,EFID,-4.798499584197998,conservative,test
2024-10-20,EFIH,5.476450443267822,aggressive,test
2024-10-20,EGAL,-1.6053021748860676,balanced,test
2024-10-20,EGCH,-4.665574868520101,conservative,test
2024-10-20,EGTS,1.5808984438578289,balanced,test
2024-10-20,EMFD,5.439973513285319,aggressive,test
2024-10-20,ETEL,-5.043490409851074,conservative,test
2024-10-20,EXPA,-5.0689748128255205,conservative,test
2024-10-20,FAIT,-4.922373294830322,conservative,test
2024-10-20,FAITA,-5.121225674947103,conservative,test
2024-10-20,FWRY,-1.2606199582417805,balanced,test
2024-10-20,GBCO,5.0552077293396,aggressive,test
2024-10-20,GDWA,5.483053525288899,aggressive,test
2024-10-20,HDBK,-5.121282577514648,conservative,test
2024-10-20,HELI,-3.0486190704007945,balanced,test
2024-10-20,HRHO,0.22656464576721191,balanced,test
2024-10-20,IRON,3.3577741781870523,balanced,test
2024-10-20,ISPH,5.543642520904541,aggressive,test
2024-10-20,JUFO,5.45106315612793,aggressive,test
2024-10-20,MASR,-4.848865509033203,conservative,test
2024-10-20,MCQE,5.544202486673991,aggressive,test
2024-10-20,MFPC,1.9962199529012044,balanced,test
2024-10-20,MTIE,3.4247622887293496,aggressive,test
2024-10-20,OCDI,3.6571125189463296,aggressive,test
2024-10-20,OFH,1.7543649077415466,balanced,test
2024-10-20,OIH,3.4068661630153656,balanced,test
2024-10-20,ORAS,-4.758641401926677,conservative,test
2024-10-20,ORHD,5.466166337331136,aggressive,test
2024-10-20,ORWE,0.8253907362620035,balanced,test
2024-10-20,PHAR,-5.182607173919678,conservative,test
2024-10-20,PHDC,5.234912077585856,aggressive,test
2024-10-20,PRDC,4.326642433802287,aggressive,test
2024-10-20,QNBE,-5.071375370025635,conservative,test
2024-10-20,RAYA,5.391085942586263,aggressive,test
2024-10-20,RMDA,5.351761341094971,aggressive,test
2024-10-20,SKPC,-1.2725022633870442,balanced,test
2024-10-20,SPMD,-2.9329488277435303,balanced,test
2024-10-20,SUGR,-4.479132970174153,conservative,test
2024-10-20,SWDY,5.559042135874431,aggressive,test
2024-10-20,TALM,-3.672285000483195,conservative,test
2024-10-20,TMGH,-0.8175641695658366,balanced,test
2024-10-20,VLMR,-5.177199522654216,conservative,test
2024-10-20,VLMRA,-3.739851474761963,conservative,test
2025-01-19,ABUK,-4.685143788655599,conservative,test
2025-01-19,ADIB,-5.173110167185466,conservative,test
2025-01-19,ALCN,-4.44941512743632,balanced,test
2025-01-19,AMOC,-4.611429214477539,conservative,test
2025-01-19,ARAB,5.53254763285319,aggressive,test
2025-01-19,ARCC,5.460746765136719,aggressive,test
2025-01-19,ASPI,5.4243089358011884,aggressive,test
2025-01-19,BINV,-5.038784662882487,conservative,test
2025-01-19,BTFH,4.925900459289551,balanced,test
2025-01-19,CCAP,5.4270890553792315,aggressive,test
2025-01-19,CICH,-1.2392978072166443,balanced,test
2025-01-19,CIEB,-5.086824099222819,conservative,test
2025-01-19,CIRA,-4.701542854309082,conservative,test
2025-01-19,CLHO,-0.21918731927871704,balanced,test
2025-01-19,COMI,-5.218824068705241,conservative,test
2025-01-19,DSCW,5.4290792147318525,aggressive,test
2025-01-19,EAST,-3.8505684534708657,balanced,test
2025-01-19,EFID,-2.447533667087555,balanced,test
2025-01-19,EFIH,3.1391066114107766,balanced,test
2025-01-19,EGAL,-1.3458708723386128,balanced,test
2025-01-19,EGCH,-1.1134058634440105,balanced,test
2025-01-19,EGTS,1.0466552376747131,balanced,test
2025-01-19,EMFD,4.31680432955424,balanced,test
2025-01-19,ETEL,-5.213661988576253,conservative,test
2025-01-19,EXPA,-4.481971104939778,balanced,test
2025-01-19,FAIT,-4.848856608072917,conservative,test
2025-01-19,FAITA,-5.119449774424235,conservative,test
2025-01-19,FWRY,-2.3666733503341675,balanced,test
2025-01-19,GBCO,5.277390321095784,aggressive,test
2025-01-19,GDWA,5.2801163991292315,aggressive,test
2025-01-19,HDBK,-5.149500370025635,conservative,test
2025-01-19,HELI,-5.014728387196858,conservative,test
2025-01-19,HRHO,2.0844998955726624,balanced,test
2025-01-19,IRON,5.249807675679524,aggressive,test
2025-01-19,ISPH,5.578471342722575,aggressive,test
2025-01-19,JUFO,5.4779330889383955,aggressive,test
2025-01-19,MASR,-4.947879791259766,conservative,test
2025-01-19,MCQE,5.466866652170817,aggressive,test
2025-01-19,MFPC,-5.011456330617269,conservative,test
2025-01-19,MTIE,5.220786730448405,aggressive,test
2025-01-19,OCDI,5.373534520467122,aggressive,test
2025-01-19,OFH,4.721701780954997,balanced,test
2025-01-19,OIH,5.291154066721599,aggressive,test
2025-01-19,ORAS,-4.765800317128499,conservative,test
2025-01-19,ORHD,5.405956586201985,aggressive,test
2025-01-19,ORWE,5.2206190427144366,aggressive,test
2025-01-19,PHAR,-5.136786460876465,conservative,test
2025-01-19,PHDC,5.54269536336263,aggressive,test
2025-01-19,PRDC,-0.9531370997428894,balanced,test
2025-01-19,QNBE,-5.0937981605529785,conservative,test
2025-01-19,RAYA,5.5665310223897295,aggressive,test
2025-01-19,RMDA,5.5214715003967285,aggressive,test
2025-01-19,SKPC,-4.955509662628174,conservative,test
2025-01-19,SPMD,0.32401029268900555,balanced,test
2025-01-19,SUGR,0.5091272989908854,balanced,test
2025-01-19,SWDY,5.570420742034912,aggressive,test
2025-01-19,TALM,-1.9554503162701924,balanced,test
2025-01-19,TMGH,-1.1977561314900715,balanced,test
2025-01-19,VLMR,-5.198905309041341,conservative,test
2025-01-19,VLMRA,-5.097560087839763,conservative,test
2025-04-27,ABUK,-4.744150638580322,conservative,test
2025-04-27,ADIB,-4.925328413645427,conservative,test
2025-04-27,ALCN,-4.738382975260417,conservative,test
2025-04-27,AMOC,-5.142910321553548,conservative,test
2025-04-27,ARAB,5.561440467834473,aggressive,test
2025-04-27,ARCC,5.514861583709717,aggressive,test
2025-04-27,ASPI,5.407186031341553,aggressive,test
2025-04-27,BINV,-1.7241206169128418,balanced,test
2025-04-27,BTFH,4.710239330927531,aggressive,test
2025-04-27,CCAP,5.4422675768534345,aggressive,test
2025-04-27,CICH,-3.451261659463247,balanced,test
2025-04-27,CIEB,0.03216332197189331,balanced,test
2025-04-27,CIRA,-4.368630727132161,conservative,test
2025-04-27,CLHO,-2.771341839184364,balanced,test
2025-04-27,COMI,-5.202329635620117,conservative,test
2025-04-27,DSCW,4.491394122441609,balanced,test
2025-04-27,EAST,-4.1364569664001465,conservative,test
2025-04-27,EFID,-5.069218476613362,conservative,test
2025-04-27,EFIH,-0.42653441429138184,balanced,test
2025-04-27,EGAL,3.571718176205953,balanced,test
2025-04-27,EGCH,4.840228080749512,aggressive,test
2025-04-27,EGTS,4.910196781158447,aggressive,test
2025-04-27,EMFD,-0.27291913827260333,balanced,test
2025-04-27,ETEL,-5.204566478729248,conservative,test
2025-04-27,EXPA,-3.5831772883733115,balanced,test
2025-04-27,FAIT,-4.71431032816569,conservative,test
2025-04-27,FAITA,-5.0608547528584795,conservative,test
2025-04-27,FWRY,2.841863145430883,balanced,test
2025-04-27,GBCO,5.369667847951253,aggressive,test
2025-04-27,GDWA,5.447877089182536,aggressive,test
2025-04-27,HDBK,-4.868796030680339,conservative,test
2025-04-27,HELI,-2.0106935501098633,balanced,test
2025-04-27,HRHO,1.8409674167633057,balanced,test
2025-04-27,IRON,5.469587802886963,aggressive,test
2025-04-27,ISPH,4.93270206451416,aggressive,test
2025-04-27,JUFO,3.982722600301107,balanced,test
2025-04-27,MASR,-5.157107353210449,conservative,test
2025-04-27,MCQE,5.437745571136475,aggressive,test
2025-04-27,MFPC,-5.179821014404297,conservative,test
2025-04-27,MTIE,5.545962492624919,aggressive,test
2025-04-27,OCDI,4.433013200759888,balanced,test
2025-04-27,OFH,5.532329718271892,aggressive,test
2025-04-27,OIH,5.5139851570129395,aggressive,test
2025-04-27,ORAS,-5.168020407358806,conservative,test
2025-04-27,ORHD,5.521815141042073,aggressive,test
2025-04-27,ORWE,4.709647178649902,aggressive,test
2025-04-27,PHAR,-5.127804756164551,conservative,test
2025-04-27,PHDC,4.954837640126546,aggressive,test
2025-04-27,PRDC,-3.570232391357422,balanced,test
2025-04-27,QNBE,-4.995347023010254,conservative,test
2025-04-27,RAYA,5.465099016825358,aggressive,test
2025-04-27,RMDA,5.058308760325114,aggressive,test
2025-04-27,SKPC,-1.369745413462321,balanced,test
2025-04-27,SPMD,2.5307721296946206,balanced,test
2025-04-27,SUGR,-5.009074687957764,conservative,test
2025-04-27,SWDY,-1.2005960941314697,balanced,test
2025-04-27,TALM,-1.2642999490102131,balanced,test
2025-04-27,TMGH,-3.904660701751709,balanced,test
2025-04-27,VLMR,-5.166064580281575,conservative,test
2025-04-27,VLMRA,-5.153891404469808,conservative,test
2025-08-04,ABUK,-4.963148434956868,conservative,test
2025-08-04,ADIB,-3.7426430384318032,balanced,test
2025-08-04,ALCN,-5.137553373972575,conservative,test
2025-08-04,AMOC,-5.033104419708252,conservative,test
2025-08-04,ARAB,5.472682476043701,aggressive,test
2025-08-04,ARCC,5.453245798746745,aggressive,test
2025-08-04,ASPI,0.33155936126907665,balanced,test
2025-08-04,BINV,5.54441499710083,aggressive,test
2025-08-04,BTFH,5.428680896759033,aggressive,test
2025-08-04,CCAP,5.512216885884603,aggressive,test
2025-08-04,CICH,-0.9327816354731718,balanced,test
2025-08-04,CIEB,-4.857181231180827,conservative,test
2025-08-04,CIRA,-4.881234010060628,conservative,test
2025-08-04,CLHO,0.7516238292058309,balanced,test
2025-08-04,COMI,-5.195889949798584,conservative,test
2025-08-04,DSCW,3.576373259226481,balanced,test
2025-08-04,EAST,-4.450414419174194,balanced,test
2025-08-04,EFID,-3.2464950370291867,balanced,test
2025-08-04,EFIH,2.483497758706411,balanced,test
2025-08-04,EGAL,0.6619647741317749,balanced,test
2025-08-04,EGCH,5.511348724365234,aggressive,test
2025-08-04,EGTS,5.534200191497803,aggressive,test
2025-08-04,EMFD,2.2852357228597007,balanced,test
2025-08-04,ETEL,-5.071412722269694,conservative,test
2025-08-04,EXPA,-5.038714249928792,conservative,test
2025-08-04,FAIT,-5.068555514017741,conservative,test
2025-08-04,FAITA,-5.117236614227295,conservative,test
2025-08-04,FWRY,4.802568117777507,aggressive,test
2025-08-04,GBCO,5.2993801434834795,aggressive,test
2025-08-04,GDWA,5.347256501515706,aggressive,test
2025-08-04,HDBK,-4.871428330739339,conservative,test
2025-08-04,HELI,-2.27457203467687,balanced,test
2025-08-04,HRHO,5.465071360270183,aggressive,test
2025-08-04,IRON,5.532608826955159,aggressive,test
2025-08-04,ISPH,2.2961835662523904,balanced,test
2025-08-04,JUFO,3.6410078207651773,balanced,test
2025-08-04,MASR,-5.056130727132161,conservative,test
2025-08-04,MCQE,5.3626227378845215,aggressive,test
2025-08-04,MFPC,-5.059526125590007,conservative,test
2025-08-04,MTIE,5.035228570302327,aggressive,test
2025-08-04,OCDI,4.011377573013306,aggressive,test
2025-08-04,OFH,5.572771867116292,aggressive,test
2025-08-04,OIH,5.591396808624268,aggressive,test
2025-08-04,ORAS,-5.1760711669921875,conservative,test
2025-08-04,ORHD,5.564329942067464,aggressive,test
2025-08-04,ORWE,-3.0659915804862976,balanced,test
2025-08-04,PHAR,-2.9240018129348755,balanced,test
2025-08-04,PHDC,4.648634115854899,aggressive,test
2025-08-04,PRDC,-3.5903780460357666,balanced,test
2025-08-04,QNBE,-5.084214846293132,conservative,test
2025-08-04,RAYA,5.061113993326823,aggressive,test
2025-08-04,RMDA,3.2252445816993713,balanced,test
2025-08-04,SKPC,0.0340864360332489,balanced,test
2025-08-04,SPMD,1.4616062343120575,balanced,test
2025-08-04,SUGR,-5.199208577473958,conservative,test
2025-08-04,SWDY,-4.88297971089681,conservative,test
2025-08-04,TALM,-1.3531350294748943,balanced,test
2025-08-04,TMGH,-5.212133884429932,conservative,test
2025-08-04,VLMR,-5.185878435770671,conservative,test
2025-08-04,VLMRA,-5.131908893585205,conservative,test
