,ABUK,ADIB,ALCN,AMOC,ARAB,ARCC,ASPI,BINV,BTFH,CCAP,CICH,CIEB,CIRA,CLHO,COMI,DSCW,EAST,EFID,EFIH,EGAL,EGCH,EGTS,EMFD,ETEL,EXPA,FAIT,FAITA,FWRY,GBCO,GDWA,HDBK,HELI,HRHO,IRON,ISPH,JUFO,MASR,MCQE,MFPC,MTIE,OCDI,OFH,OIH,ORAS,ORHD,ORWE,PHAR,PHDC,PRDC,QNBE,RAYA,RMDA,SKPC,SPMD,SUGR,SWDY,TALM,TMGH,VLMR,VLMRA
2020-07-13,0.37108913,0.2926298,0.29797772,0.3846289,0.4166932,0.4308396,0.30029482,0.6424763,0.48277393,0.34168723,0.30962148,0.19674593,0.2363788,0.2408187,0.16822141,0.4732561,0.21889317,0.3497864,,0.42483586,0.3570521,0.3454043,0.27136645,0.28098157,0.34853077,0.22496116,0.11748664,0.48450142,0.42616543,,0.30084437,0.33448762,0.29798743,0.69289446,0.25222057,0.32528344,0.4067416,0.42302293,0.374352,0.3990685,0.31369156,,0.4044593,0.2554029,0.37135285,0.27368018,0.22646724,0.29145893,,0.18496223,0.5294963,0.34056318,0.4115269,0.46674463,0.4341857,0.2917911,,0.29048008,0.16816561,
2020-08-17,0.328515,0.27796918,0.26077232,0.3571547,0.33496997,0.41497335,0.29091284,0.66295373,0.44844133,0.31558353,0.32073575,0.17679846,0.2541746,0.23126875,0.19617304,0.4559668,0.3273551,0.32408756,,0.38170746,0.34831735,0.31375942,0.24772735,0.2909581,0.37008575,0.2898684,0.08458105,0.4833849,0.4417003,,0.33831018,0.31983948,0.26326388,0.66811776,0.24006961,0.27076495,0.37780762,0.3414225,0.2825563,0.41743803,0.30176634,,0.30362135,0.27562228,0.47508147,0.329755,0.17618962,0.2530794,,0.24010117,0.49515548,0.2744199,0.4012413,0.47753575,0.43328083,0.30589548,,0.2846449,0.12988165,
2020-09-16,0.327505,0.29780072,0.21114077,0.34289017,0.36651462,0.3171731,0.25638527,0.49411803,0.40189034,0.28879064,0.28130654,0.14591321,0.22745694,0.22383045,0.1891265,0.5522781,0.3609089,0.2261442,,0.35570997,0.36338627,0.29491597,0.26723602,0.19428985,0.3837603,0.29670995,0.07926593,0.37101108,0.43038556,,0.30324596,0.34126702,0.2635704,0.64003795,0.29889476,0.28917363,0.3603508,0.38767302,0.28695145,0.25170672,0.3327903,,0.32364374,0.25172168,0.47661868,0.33360425,0.17822668,0.2333686,,0.220191,0.43673804,0.3025297,0.33727086,0.49966758,0.355655,0.29127297,,0.2666832,0.11335615,
2020-10-18,0.33056867,0.3005764,0.26715022,0.41334078,0.5218558,0.37091902,0.28043273,0.3692337,0.43061832,0.34608343,0.2997088,0.2290554,0.21635881,0.28437293,0.20602074,0.61829996,0.35654274,0.22804764,,0.3890848,0.39997786,0.3260796,0.29045126,0.22411302,0.39945504,0.2716204,0.09186296,0.41743442,0.4251911,,0.36852884,0.29951203,0.29190642,0.60107535,0.29537538,0.35727462,0.26498437,0.40247616,0.5026667,0.32534018,0.3493004,,0.37162265,0.24983633,0.52174693,0.31665614,0.19628082,0.26116347,,0.3113298,0.56273484,0.3229593,0.39739504,0.5155052,0.30160317,0.3097944,,0.28401515,0.15499763,
2020-11-17,0.32333827,0.26762682,0.27260572,0.39620766,0.51075274,0.3358135,0.3473007,0.2981555,0.39802146,0.30646804,0.31455764,0.2278478,0.18539245,0.29446065,0.13703768,0.64201623,0.25205302,0.22829303,,0.37171146,0.3717418,0.3375422,0.29873657,0.18824479,0.33537695,0.16846049,0.15557913,0.36558956,0.3689749,,0.2832391,0.2706701,0.24280907,0.65349203,0.2698646,0.4264738,0.22917499,0.41130337,0.4905939,0.3957129,0.2855116,,0.39037082,0.2737662,0.4120553,0.23532316,0.23499595,0.28409463,,0.28631455,0.8868459,0.3227794,0.3556428,0.57244027,0.383247,0.27128673,,0.2517756,0.19950739,
2020-12-16,0.3152577,0.23641965,0.28056026,0.38828975,0.59609145,0.32434714,0.42708558,0.51761687,0.43071222,0.30442676,0.33967212,0.243764,0.22137171,0.30616373,0.161143,0.663771,0.22136538,0.2112779,,0.40589145,0.34790018,0.32383907,0.27280238,0.18951471,0.27761978,0.20247202,0.19173345,0.42892653,0.3696545,,0.2883638,0.25488263,0.23027094,0.70582205,0.26965886,0.38439134,0.24444093,0.3790291,0.47622797,0.51325685,0.2759562,0.45660448,0.44161615,0.24397136,0.42891154,0.22001635,0.23867296,0.30035168,,0.29823744,0.95226145,0.26611918,0.390347,0.6199963,0.5791543,0.2593584,,0.22001153,0.20798697,
2021-01-17,0.3351908,0.21393737,0.3444543,0.48586085,0.55748916,0.44021982,0.48590884,0.58392614,0.52365935,0.3261617,0.4627958,0.18299243,0.26759562,0.3057165,0.17647758,0.7278954,0.37575898,0.16331688,,0.39943844,0.38262242,0.35245648,0.23667735,0.18751045,0.25000215,0.22541739,0.21691579,0.4329949,0.39374465,,0.28513968,0.3329545,0.15892111,0.62723225,0.34101224,0.3100625,0.22812495,0.4572368,0.2746737,0.5482006,0.2339314,0.51589006,0.45451266,0.2230287,0.3927453,0.20565096,0.26829132,0.2797636,,0.21651657,1.0121944,0.2852019,0.31545788,0.7441307,0.64426476,0.2771259,7.1870832,0.20318045,0.21789423,
2021-02-16,0.28890896,0.21770641,0.3750745,0.50163645,0.58659035,0.5191698,0.42027286,0.59370804,0.5248853,0.35492608,0.4169524,0.20448725,0.30960557,0.27663714,0.22276974,0.7088116,0.3660989,0.29211333,,0.49996492,0.41306952,0.35502952,0.20988406,0.26159918,0.2767311,0.22493961,0.22721463,0.41598526,0.43276995,,0.26211846,0.3560871,0.15969709,0.53532267,0.34163168,0.24283072,0.33956963,0.46905056,0.28259435,0.5154015,0.27799812,0.43850332,0.40012813,0.11309505,0.38377547,0.4461692,0.23869295,0.23836567,,0.19571081,0.7755594,0.3213272,0.33699656,0.6854948,0.5905142,0.35418674,4.6374445,0.20276433,0.2089554,
2021-03-17,0.251156,0.2911363,0.3542228,0.49354398,0.4568788,0.60123587,0.44751164,0.5084559,0.869535,0.3871174,0.5327691,0.17914626,0.31924823,0.3065057,0.24833836,0.6259438,0.37202615,0.31539842,,0.4947305,0.45147556,0.43528202,0.2093397,0.3388271,0.3062998,0.19431081,0.25304523,0.38521856,0.4154137,,0.26518968,0.33513224,0.18917091,0.8200212,0.3646802,0.4231591,0.33551076,0.45608902,0.32545024,0.442052,0.26338583,0.42807907,0.29721323,0.116938844,0.29548976,0.4624029,0.23166087,0.24528931,,0.16281845,0.7283069,0.37502474,0.3511262,0.66165555,0.44094354,0.4004438,3.6914117,0.26235455,0.21547757,
2021-04-15,0.21549563,0.2815078,0.31840357,0.34670672,0.38778004,0.5338432,0.37261957,0.44064742,0.8119634,0.30735582,0.40839127,0.19845423,0.30397806,0.2878982,0.2447304,0.47934395,0.20344491,0.3147286,,0.49517408,0.39832556,0.5445341,0.22384417,0.33343413,0.27299127,0.14987631,0.24023308,0.3643518,0.352413,,0.31829685,0.2445765,0.20173715,0.8153522,0.296592,0.4217907,0.33678842,0.54400283,0.2947234,0.34769195,0.2456902,0.31787443,0.24754229,0.1433231,0.24916114,0.4969475,0.19322816,0.2692483,,0.112529464,0.5169487,0.33443308,0.34753227,0.4928958,0.4030146,0.3506686,0.2765628,0.3284935,0.18450333,
2021-05-24,0.21644813,0.45945737,0.35910386,0.38633296,0.33631536,0.53367394,0.42054224,0.44314647,0.8390136,0.29264823,0.45345613,0.18200651,0.28394344,0.2997779,0.23226534,0.35880578,0.19563256,0.2152306,,0.48323607,0.44884452,0.6389098,0.22600369,0.29646957,0.29485303,0.27522844,0.27270606,0.3472291,0.28340784,,0.3628008,0.26286137,0.2108567,0.77313006,0.32934284,0.40331134,0.22908762,0.64090496,0.30258036,0.32081676,0.21096617,0.32702625,0.3424893,0.19498219,0.29550922,0.29851887,0.20766371,0.2650538,,0.1326057,0.3969645,0.3230654,0.38270998,0.45165738,0.58004934,0.2735669,0.25748992,0.32831347,0.2000515,
2021-06-22,0.21875265,0.62927043,0.42591718,0.42171732,0.34402075,0.53260666,0.44754955,0.35094386,0.47099125,0.26023456,0.52316034,0.19178312,0.2429535,0.34404942,0.18947555,0.32367837,0.22496495,0.16309796,,0.6141694,0.43723693,0.71102583,0.29421255,0.21676387,0.3135297,0.34080163,0.23979723,0.39115682,0.30220726,,0.39495248,0.3497235,0.22470097,0.3848932,0.2980902,0.25180015,0.28494528,0.7359984,0.28188613,0.3317675,0.22470425,0.2689239,0.4703258,0.26291868,0.31987944,0.28173065,0.26447672,0.29575658,,0.12144961,0.41895792,0.27497044,0.35951674,0.5498817,0.7277125,0.24852863,0.32796204,0.32256407,0.18884656,0.42816758
2021-07-28,0.2966722,0.6814629,0.37404585,0.43812495,0.35826558,0.55871624,8.663812,0.38288507,0.44135982,0.26856345,0.5626054,0.19135323,0.26738015,0.35629392,0.20477565,0.34374592,0.2528,0.14136225,5.8105993,0.63371027,0.42940935,0.6177045,0.2744821,0.21547867,0.31585023,0.3384555,0.23336668,0.45377406,0.31423005,0.4899896,0.30247423,0.35065192,0.2133335,0.45354027,0.32196453,0.26064622,0.3746272,0.65927315,0.30496478,0.39193127,0.23237811,0.31200624,0.51136935,0.27092943,0.40693763,0.18476354,0.26370302,0.2690622,0.61645204,0.1253504,0.46175712,0.28459817,0.35054567,0.5488354,0.7353965,0.25753543,0.3238985,0.23868865,0.22766268,0.39525726
2021-08-29,0.34347084,0.5861563,0.33357003,0.4491077,0.44583964,0.54059166,8.676118,0.35161346,0.39042723,0.31264916,0.537854,0.20600198,0.26017344,0.3551213,0.20297235,0.42188942,0.2438996,0.14206526,2.637227,0.6715968,0.4016365,0.5257723,0.3567238,0.22486384,0.2662958,0.22398391,0.113252126,0.4751636,0.38854718,0.48861066,0.24527068,0.41423112,0.25218746,0.51495504,0.3265009,0.28755346,0.49595353,0.5700897,0.29944482,0.36269385,0.25011244,0.31505302,0.5650787,0.24395572,0.383574,0.19551931,0.24356295,0.3085217,0.6541033,0.12572801,0.54168606,0.40681878,0.3739736,0.55217505,0.6396624,0.28086406,0.3748933,0.2798044,0.21454456,0.35401115
2021-09-27,0.5242097,0.39077535,0.27616706,0.42149654,0.41351917,0.47031912,8.669414,0.32846105,0.38048533,0.31456536,0.3416017,0.2844546,0.31490877,0.28015178,0.20388156,0.43934703,0.3146072,0.19717053,1.9645115,0.5683449,0.38686797,0.48823088,0.30670425,0.23391648,0.21247369,0.12116442,0.10787251,0.500797,0.45041278,0.4038197,0.28817743,0.61013734,0.24176109,0.48679587,0.31107998,0.24499063,0.51508087,0.4628325,0.28913265,0.35783204,0.4927562,0.28122675,0.4667986,0.218248,0.42615497,0.1742655,0.21224144,0.33159328,0.5651996,0.15450472,0.4559615,0.47890398,0.34802333,0.6854347,0.50033766,0.25580764,0.32022756,0.25288782,0.21757203,0.31920594
2021-10-28,0.4807223,0.3041272,0.24718687,0.39877883,0.35692474,0.37362924,0.387756,0.36674285,0.3389628,0.28945237,0.35337442,0.291855,0.31366846,0.23298775,0.17053029,0.41219822,0.2961069,0.19806392,0.4165536,0.4908582,0.36550337,0.46655843,0.3148373,0.21539317,0.16684379,0.11519897,0.12144054,0.4135788,0.43765348,0.2948864,0.28066587,0.6231091,0.24491332,0.34942088,0.26508737,0.2676888,0.45460936,0.38828903,0.2759469,0.40495753,0.4936352,0.20827079,0.39295933,0.22641107,0.3564792,0.16743933,0.20326675,0.33654803,0.45456263,0.28416798,0.4423567,0.50612557,0.3271286,0.68099666,0.49155688,0.22771497,0.3504108,0.2550928,0.17973942,0.28870726
2021-11-28,0.44736075,0.5043653,0.40858284,0.3475364,0.41256955,0.31012857,0.36838406,0.41825932,0.44164616,0.40678495,0.4243303,0.36139876,0.34700054,0.24288397,0.19331431,0.39581552,0.3012763,0.22516383,0.27734724,0.46935746,0.31162408,0.5213489,0.29465324,0.20968896,0.27051556,0.124465734,0.1259943,0.43564355,0.45825347,0.3380351,0.3282403,0.6354084,0.2713023,0.20541933,0.30010223,0.23655246,0.41460106,0.41813105,0.23636891,0.4820822,0.5084718,0.24981007,0.35772663,0.22442475,0.42387357,0.18991509,0.1865263,0.38157514,0.3813794,0.33622965,0.4313668,0.44793773,0.28616595,0.68786764,0.5276745,0.2654049,0.35917827,0.29821277,0.16065794,0.26914695
2021-12-27,0.25722358,0.4803131,0.68529254,0.44942483,0.50184476,0.3559333,0.40647897,0.4861988,0.45864353,0.45576915,0.48017624,0.31844437,0.36673555,0.37292835,0.32526875,0.3805773,0.26493374,0.28079313,0.2956438,0.48621178,0.40110058,0.5399573,0.35110435,0.2548308,0.31008103,0.17664996,0.12312629,0.40891063,0.57505965,0.408012,0.25320503,0.5343955,0.27529773,0.0,0.3380301,0.33733734,0.44582307,0.4317936,0.29381162,0.6173007,0.33314562,0.2843774,0.44453555,0.26748455,0.49374616,0.23944658,0.21878375,0.38494962,0.42702112,0.56011605,0.5001858,0.46876445,0.36220688,0.48356333,0.50953776,0.3185498,0.4125082,0.41797823,0.18402651,0.31763119
2022-01-26,0.27801198,0.49085155,0.85501075,0.51695925,0.5448887,0.4998487,0.54291093,0.56679964,0.5293183,0.5259789,0.49358898,0.37424523,0.4681304,0.43065858,0.36841124,0.46998715,0.28766862,0.3059702,0.27489573,0.58041173,0.50463057,0.5276793,0.37350085,0.3179336,0.34331456,0.26964128,0.19712229,0.49293363,0.62748045,0.44088522,0.29407832,0.57245517,0.59719193,0.0,0.41684738,0.317056,0.53275096,0.4323226,0.42532182,0.6941525,0.40616822,0.40942654,0.48441187,0.33113843,0.52767414,0.3728323,0.26628923,0.44179228,0.46716428,0.66023266,0.5215245,0.46582133,0.42892712,0.5611637,0.50201654,0.377596,0.38533023,0.43861023,0.22475189,0.5085649
2022-02-27,0.36534643,0.27255306,0.8728267,0.5237348,0.48060235,0.6093065,0.5016269,0.5483945,0.4350212,0.4167085,0.4865484,0.3198581,0.44749025,0.47058734,0.37750563,0.4998394,0.3103977,0.30589032,0.2656934,0.540495,0.5593238,0.42084444,0.33325142,0.3176253,0.29848176,0.32740515,0.19367477,0.46281984,0.69003546,0.39717582,0.2707701,0.56550527,0.5980422,0.0,0.45796314,0.31635356,0.55014765,0.34566173,0.4600016,0.71958506,0.36851525,0.38452378,0.40697023,0.39146715,0.4954465,0.3877077,0.29714942,0.5341693,0.41707027,0.66279095,0.46320638,0.45540348,0.41979173,0.5574384,0.3982614,0.38133362,0.6247117,0.41059515,0.23972593,0.5105987
2022-03-28,0.36006072,0.2972854,0.690222,0.40474162,0.4528793,0.6331519,0.57050365,0.5287669,0.5078812,0.43808752,0.43574825,0.3706196,0.41544116,0.39707232,0.28636146,0.6376746,0.27209535,0.24714118,0.25394893,0.5174708,0.5112553,0.32933596,0.294582,0.26262134,0.2964002,0.30476332,0.18308613,0.47249475,0.6781807,0.38931823,0.27525544,0.47562394,0.5960212,0.0,0.5255994,0.33890867,0.5843449,0.29231018,0.41484454,0.6699149,0.37061757,0.53855425,0.3739216,0.38917407,0.40432957,0.355549,0.3127977,0.500705,0.46277007,0.52327913,0.45807827,0.36338535,0.37547246,0.5780464,0.42050275,0.34876528,0.63065,0.3230871,0.22199084,0.48227182
2022-04-28,0.33470133,0.31174743,0.5307649,0.2758539,0.4377153,0.5862509,0.47611094,0.7199648,0.5182641,0.44926202,0.37971598,0.5122403,0.4540615,0.37972754,0.2599051,0.6111778,0.25972667,0.33697262,0.5147846,0.43713397,0.40547144,0.38677028,0.30030292,0.20676191,0.27806395,0.23276334,0.077883966,0.5807142,0.69465244,0.36948645,0.31762582,0.4506697,0.3841046,0.0,0.65297073,0.3721541,0.5616395,0.25616232,0.27767733,0.632411,0.31112,0.46484035,0.35172004,0.35949445,0.4213922,0.26412284,0.31517458,0.47904503,0.4298698,0.47055942,0.41617957,0.35709956,0.31304863,0.6690122,0.45859924,0.35576722,0.7570005,0.35478535,0.16493101,0.3435221
2022-06-05,0.25925997,0.33776164,0.4232696,0.2661674,0.54163414,0.5650911,0.53047067,0.7367207,0.8172768,0.5029745,0.31589174,0.53070223,0.46820092,0.32696897,0.25539348,0.6477283,0.28609547,0.36768556,0.53751296,0.428298,0.30806872,0.44249117,0.3226764,0.36960235,0.28246588,0.16317232,0.07409959,0.6032759,0.6080391,0.32258165,0.32454395,0.4109101,0.348976,0.22471774,0.62971574,0.35000518,0.6194263,0.28923053,0.27976677,0.62783486,0.31141084,0.5527616,0.3789407,0.35213894,0.4557556,0.24031587,0.30646682,0.3404901,0.40229562,0.5075651,0.6608872,0.36938208,0.29809284,0.6824531,0.4876742,0.36564136,0.59062195,0.3355006,0.15396844,0.3635015
2022-07-05,0.24900457,0.31477818,0.43499902,0.255699,0.5680838,0.51515025,0.41427183,0.75256515,0.9676941,0.4760232,0.28467697,0.47575256,0.47010058,0.31562588,0.2615542,0.5997152,0.2894733,0.34887543,0.52272713,0.38544348,0.3638201,0.4288216,0.3505602,0.37272623,0.2781969,0.14749786,0.061720982,0.62031394,0.50087243,0.25866053,0.2973096,0.41202092,0.3535483,0.3265216,0.51894176,0.30945542,0.60688347,0.276702,0.30584466,0.6178077,0.3335865,0.38092119,0.31790063,0.3236029,0.47035897,0.23845679,0.25632292,0.36675397,0.23418912,0.5228377,0.77991223,0.37435332,0.25921953,0.6259109,0.48109576,0.36012596,0.68809867,0.29590562,0.22772557,0.3972658
2022-08-10,0.33341205,0.29511553,0.4560119,0.36395067,0.54372025,0.4907015,0.42364138,0.47661203,0.9793634,0.40615645,0.2600768,0.314743,0.28454834,0.2985689,0.32967547,0.58954567,0.3196016,0.3818697,0.35474288,0.59481907,0.40518564,0.41815817,0.3282198,0.41363144,0.29336149,0.18105981,0.10494073,0.48010942,0.49714625,0.20927502,0.21476142,0.3748824,0.30533206,0.45155802,0.32255748,0.29153025,0.56638485,0.28496736,0.29518327,0.57739514,0.33268312,0.3877632,0.33863655,0.33009353,0.49891576,0.28794307,0.23342007,0.34201464,0.22743216,0.49058592,0.82070756,0.35127535,0.25998253,0.41582915,0.43468982,0.3635678,0.56588084,0.285401,0.23095869,0.42861983
2022-09-08,0.35808507,0.32338047,0.45629203,0.48453897,0.37691537,0.40130982,0.35512725,0.43843466,0.8478833,0.35303533,0.27498835,0.3027217,0.28914487,0.3358135,0.40008962,0.45693782,0.50383097,0.41429117,0.3652959,0.6551562,0.5469243,0.4016467,0.35414124,0.3311368,0.3024116,0.31412897,0.13544652,0.53162014,0.4712586,0.5057593,0.3693983,0.396825,0.32767117,0.4853575,0.3206192,0.30177715,0.4331674,0.2951424,0.27251115,0.57445854,0.3503238,0.23723517,0.34143582,0.31711447,0.4527817,0.32793707,0.26583698,0.31636247,0.24333945,0.4948678,0.63881505,0.35280138,0.35364738,0.35638767,0.48412108,0.40230352,0.5584855,0.28832287,0.25780743,0.51639134
2022-10-10,0.40982398,0.4624347,0.53250086,0.5246663,0.32235092,0.4153787,0.39670548,0.4148163,0.7347983,0.568377,0.32660425,0.3381459,0.30578202,0.34145218,0.42837715,0.42377132,0.5970988,0.44006628,0.3805477,0.65758866,0.50122607,0.40966427,0.34682953,0.39204898,0.38654453,0.43527853,0.1518556,0.4759883,0.48233917,0.6027705,0.36776882,0.45538044,0.31903282,0.43629962,0.38472053,0.3812217,0.42366996,0.3678663,0.26664963,0.49698612,0.35538307,0.41443485,0.36550438,0.36864758,0.3942191,0.49169075,0.27146724,0.43389362,0.34891403,0.4491965,0.6146781,0.34396222,0.45470053,0.3369867,0.45244572,0.47261935,0.408813,0.34799325,0.20801795,0.54114354
2022-11-08,0.367407,0.5681279,0.61195093,0.49731982,0.37487596,0.4887802,0.3507645,0.43752193,0.7245529,0.6279983,0.42728046,0.43413222,0.3178979,0.40662736,0.47252464,0.4764169,0.6264246,0.42116553,0.437722,0.5145403,0.54590106,0.41953152,0.41468227,0.5122496,0.43423626,0.4634908,0.12198814,0.49529704,0.51120657,0.7263829,0.4551294,0.548323,0.382234,0.36938894,0.43567628,0.4987963,0.4532514,0.4226393,0.29936266,0.48901993,0.43633243,0.4472534,0.374261,0.38908303,0.61586726,0.56861985,0.27240252,0.5587482,0.39816168,0.40150395,0.6150156,0.33686107,0.51100814,0.36128306,0.47856465,0.51252294,0.4380288,0.37123358,0.21859488,0.4781777
2022-12-07,0.33442384,0.5761772,0.59883356,0.41812834,0.48028943,0.53882873,0.33455503,0.45352,0.6420426,0.6518498,0.3964492,0.47268337,0.3240715,0.3806973,0.4398322,0.4787795,0.53774476,0.39871025,0.40054753,0.4151899,0.41126356,0.37933,0.382191,0.5431642,0.44002476,0.42729643,0.10209965,0.42562163,0.5140434,0.5659101,0.3370849,0.57656956,0.4102105,0.3295863,0.38461486,0.5534272,0.45783833,0.4233649,0.34698802,0.4058936,0.4350604,0.44684902,0.33314458,0.36329445,0.6386821,0.5594646,0.2882137,0.58143735,0.39999053,0.3286929,0.62787384,0.28727692,0.53375286,0.3321457,0.39757207,0.5054486,0.37912962,0.38187796,0.19299081,0.38235858
2023-01-09,0.2860751,0.53813595,0.60273373,0.5189469,0.5418933,0.5557743,0.41366124,0.5099807,0.7806439,0.61900336,0.49530327,0.60082936,0.37552243,0.46520588,0.41932693,0.52951455,0.49008808,0.45000285,0.48294964,0.5172106,0.55799353,0.4844213,0.40191567,0.5615864,0.5109796,0.49780795,0.26261783,0.49983224,0.5781672,0.56677103,0.38214952,0.6812291,0.5161612,0.33658397,0.4720844,0.5998043,0.5012268,0.45080355,0.35556698,0.6371911,0.42958426,0.351267,0.5932276,0.29880932,0.7208104,0.549713,0.274293,0.56312084,0.42166045,0.3663223,0.56569797,0.3550676,0.6816625,0.46053,0.43572187,0.5374245,0.40852687,0.35638976,0.19749992,0.4198449
2023-02-08,0.39437598,0.47928268,0.60845566,0.5700459,0.53514796,0.4676113,0.40990278,0.552642,0.7451071,0.6046587,0.42772788,0.60060763,0.4075832,0.40411627,0.43004462,0.46154216,0.4493957,0.39481723,0.42883435,0.5008611,0.52662456,0.5061966,0.3411706,0.43917808,0.5103305,0.5080057,0.28119215,0.466002,0.5256046,0.39417338,0.33863673,0.6267853,0.49076232,0.32953483,0.57856226,0.5037796,0.4590393,0.4111178,0.38578868,0.6668319,0.39665535,0.30789298,0.60725695,0.24429224,0.52610034,0.53597975,0.33145377,0.45138863,0.39326212,0.2838121,0.49733546,0.38445708,0.6637064,0.4843465,0.4269868,0.5145875,0.451675,0.3219032,0.29810882,0.495371
2023-03-09,0.4179659,0.515377,0.60006607,0.5551473,0.48598728,0.39732584,0.46248415,0.78183985,1.1513108,0.6286442,0.43945336,0.5711387,0.39815667,0.3970046,0.3787617,0.53044534,0.44606227,0.44574028,0.42306712,0.48079363,0.55732965,0.49832737,0.3439406,0.3892821,0.5571369,0.46531084,0.28762338,0.44937408,0.51285696,0.5451542,0.34951714,0.63196266,0.4428976,0.2777047,0.6851158,0.44099066,0.43407902,0.40252012,0.64090186,0.6928309,0.41622987,0.38435563,0.6087818,0.3996498,0.5145969,0.558901,0.33185717,0.45277798,0.41387346,0.24473263,0.4809494,0.38489908,0.6550663,0.63430846,0.49761003,0.51235205,0.5235686,0.32260883,0.29018274,0.48408574
2023-04-09,0.38714725,0.45956263,0.5092472,0.44336253,0.36351502,0.35751006,0.41113552,0.7732573,1.2617316,0.6063916,0.398414,0.4533664,0.29913944,0.28167942,0.3691097,0.38587332,0.39715075,0.3546952,0.2559417,0.36856318,0.4187049,0.3670414,0.24927588,0.30988038,0.4528567,0.22506006,0.15231404,0.32414562,0.3812412,0.48306844,0.32295248,0.49954075,0.29990846,0.25440478,0.68645316,0.23487352,0.2983273,0.30896327,0.87565285,0.54662037,0.45719174,0.57032067,0.43678957,0.41575676,0.4253838,0.4434213,0.38034138,0.34120274,0.30443072,0.23857714,0.36495793,0.33381245,0.4234517,0.5854606,0.5312092,0.43721843,0.45017084,0.289866,0.2621186,0.4437759
2023-05-17,0.25028634,0.37531346,0.37552282,0.319261,0.3262321,0.33892736,0.42180672,0.7010001,1.3788469,0.56960016,0.4277602,0.37087598,0.23638164,0.23738642,0.19622344,0.40057442,0.46723706,0.3295257,0.19698751,0.2910386,0.37688833,0.4585097,0.2167733,0.27461067,0.4003649,0.099326394,0.10778753,0.2757225,0.36468008,0.5633044,0.30535328,0.52101916,0.25089484,0.32558596,0.5936348,0.45167944,0.2873796,0.2666285,0.86422104,0.47831848,0.42517486,0.60527873,0.38550425,0.40420076,0.36867565,0.3233032,0.37327066,0.30951115,0.32523662,0.2566498,0.38041377,0.27095935,0.3935086,0.6429556,0.46390703,0.39699605,0.34489045,0.30120683,0.09494252,0.32495156
2023-06-15,0.25964612,0.290508,0.39970985,0.3047663,0.27600867,0.33769053,0.4623122,0.389359,0.99858606,0.52776635,0.41598305,0.34801114,0.19915634,0.25121036,0.22431262,0.30799592,0.44840133,0.23277804,0.22723527,0.2946843,0.2979031,0.6175087,0.21343227,0.28080797,0.5349409,0.12377238,0.085346386,0.25543973,0.34359404,0.50361043,0.3094147,0.4543643,0.2339207,0.378746,0.44125956,0.45587102,0.26192477,0.23134576,0.76629436,0.4071699,0.419558,0.6050216,0.3696228,0.2591293,0.33828273,0.28306657,0.36233997,0.26337546,0.280234,0.25963542,0.36477402,0.26634037,0.32290208,0.5055702,0.469083,0.3810437,0.27060664,0.36955297,0.1014474,0.30960846
2023-07-25,0.46691975,0.40003467,0.51603496,0.40694228,0.41488695,0.3434735,0.41147977,0.3084973,0.66745245,0.3610342,0.31003052,0.3797028,0.19752489,0.31096745,0.18952216,0.28715557,0.47720942,0.3209167,0.27501667,0.43608218,0.5081539,0.68029815,0.25783455,0.31890425,0.5450559,0.13000855,0.06664098,0.34012368,0.33306548,0.4996652,0.34677014,0.358051,0.26617655,0.41237587,0.34527948,0.51248944,0.28786498,0.25499374,0.8690439,0.30534008,0.3046206,0.42334208,0.19446366,0.5799844,0.3874946,0.42594022,0.38918868,0.31022635,0.26366404,0.21556406,0.301441,0.26354977,0.3697522,0.47535732,0.50032246,0.42342895,0.3137347,0.49783358,0.12859218,0.38342977
2023-08-23,0.597508,0.46451318,0.54753125,0.48409343,0.5617736,0.5326681,0.45341867,0.30493364,0.49197426,0.4528424,0.27469662,0.43509674,0.3333036,0.33660412,0.27156493,0.4280777,0.5447055,0.35362038,0.34586737,0.6233994,0.59858805,0.5918537,0.31408685,0.43240666,0.59197104,0.18792276,0.058514796,0.41531697,0.3875048,0.52390265,0.33789247,0.33939886,0.30328107,0.4748012,0.41917318,0.32917833,0.36509174,0.2784356,1.0017344,0.3681475,0.42628485,0.50742686,0.57841283,0.6053552,0.44322747,0.5054365,0.37293229,0.45477906,0.27631193,0.23450208,0.34470612,0.30424377,0.4185277,0.41868666,0.6426598,0.4513001,0.45287356,0.7201846,0.1745158,0.46304446
2023-09-21,0.632162,0.49096763,0.5159541,0.5043383,0.6223647,0.523449,0.38271677,0.39320052,0.5019502,0.464296,0.31360322,0.4653272,0.355198,0.40991238,0.35327324,0.45042455,0.5377668,0.37213385,0.3970316,0.6516553,0.63558125,0.53444123,0.37862393,0.41374943,0.45110914,0.20888698,0.052963253,0.44759488,0.4797989,0.5902161,0.3278531,0.36166885,0.32921335,0.45972246,0.5566103,0.45965084,0.4617305,0.40540227,1.0478727,0.5669334,0.49852592,0.48575157,0.70688367,0.62872,0.5799625,0.51646113,0.3999933,0.49604708,0.4675195,0.24983986,0.37921372,0.39262778,0.4558376,0.47964913,0.63667643,0.45220613,0.4888668,0.73068887,0.22162515,0.47862846
2023-10-24,0.4840158,0.45221892,0.45354027,0.42297024,0.56599957,0.5585862,0.40378883,0.45440808,0.5213376,0.4506739,0.3720424,0.45718032,0.34824902,0.38383183,0.3736572,0.61399794,0.56751704,0.33833647,0.39499876,0.75272065,0.5802689,0.44148895,0.39544863,0.37994507,0.43776497,0.21811172,0.039722502,0.37960905,0.50907797,0.6326708,0.37289128,0.39211184,0.29091516,0.45227656,0.52610594,0.4129276,0.44583604,0.40906534,0.7790781,0.59998125,0.48909852,0.47768992,0.739946,0.31914443,0.5429947,0.4565979,0.35566375,0.51767343,0.5101318,0.31435674,0.6420367,0.4075195,0.42349136,0.4984189,0.5664735,0.34686407,0.5374228,0.73311317,0.23884733,0.39679205
2023-11-22,0.4818176,0.48428416,0.7092526,0.44136813,0.7356899,0.37772918,0.47167587,0.5906574,0.4990319,0.5278836,0.45414224,0.5311773,0.278815,0.48446715,0.44649357,0.6250675,0.51337695,0.35594994,0.35799223,0.82304084,0.576738,0.54744506,0.6943512,0.30832914,0.4727573,0.20315282,0.049091633,0.36197048,0.5719456,0.69858307,0.3787893,0.3691587,0.29280677,0.44485712,0.64066243,0.5570557,0.5344878,0.48898458,0.67144144,0.6656195,0.7275381,0.3753763,0.61789966,0.37478942,0.61090297,0.7262832,0.38933027,0.54495484,0.53596634,0.36560246,0.7274661,0.71616197,0.6317192,0.5182479,0.5682918,0.39457485,0.46014476,0.80195963,0.22698592,0.5302067
2023-12-21,0.7069771,0.5931319,0.9425547,0.5577094,0.80147374,0.78819084,0.6339844,0.6249338,0.5430387,0.648587,0.50793934,0.5999895,0.30514684,0.5101646,0.5551382,0.746409,0.59127736,0.5561165,0.88101095,0.95583594,0.62734026,0.6109441,0.87354064,0.39399984,0.49925214,0.31785545,0.07661419,0.6965347,0.70478326,0.76079637,0.43019068,0.5229785,0.4701802,0.4501473,0.6275883,0.59441894,0.60855734,0.5696154,0.73504746,0.8470267,1.0626465,0.46189535,0.62778294,0.6736555,0.6755233,0.8783722,0.41445482,0.6756913,0.5143154,0.5363132,0.86463064,0.7985244,0.83422214,0.52723557,0.7755438,0.73547846,0.5303469,1.000588,0.33228603,0.6454081
2024-01-23,0.75238657,0.6211245,0.9790656,0.58183336,0.82348925,0.8897189,0.6814259,0.6099031,0.5779669,0.7824971,0.5084453,0.62128156,0.35668144,0.53432924,0.58933794,0.6593345,0.5258861,0.5951382,1.0186263,0.89208835,0.59668696,0.7104709,0.97423553,0.44207603,0.46762872,0.43343604,0.16397104,0.8030678,0.75099915,0.7463542,0.42136946,0.6079929,0.48694906,0.4237253,0.7318741,0.6710461,0.6694801,0.6109988,0.7150345,0.8879312,1.1738733,0.4825757,0.69429934,0.71803576,0.75897485,0.9297565,0.4724029,0.7530664,0.52203804,0.5589665,0.80317634,0.8361523,0.8713483,0.48217085,0.8264787,0.79556113,0.5436004,1.0246104,0.3526403,0.69983345
2024-02-22,0.7174844,0.6343046,0.8832735,0.6678608,0.57310057,0.92648494,0.62829787,0.6050576,0.5568613,0.9997664,0.47381178,0.5639016,0.45399413,0.46389586,0.53875095,0.61894697,0.56217873,0.60156715,1.0780292,0.778451,0.59707415,0.73249966,0.9080256,0.48712954,0.4507444,0.45287076,0.17534898,0.82836974,0.7670874,0.6863838,0.37895435,0.65334594,0.53380686,0.3765027,0.6424014,0.6038629,0.6156914,0.57945526,0.85653305,0.8792065,1.0290093,0.523251,0.6341843,0.7447904,0.7382767,0.69019896,0.4962884,0.7219971,0.53356445,0.56917256,0.8107992,0.59495044,0.80995446,0.48269755,0.7361849,0.883283,0.57002336,0.92774254,0.34922883,0.6106491
2024-03-24,0.4951582,0.53000396,0.6868177,0.5775799,0.40319723,0.60592544,0.49162468,0.5808242,0.5020299,0.9685751,0.38768485,0.48547652,0.43767554,0.41241693,0.35831264,0.49480188,0.544014,0.4006327,0.70364,0.64138013,0.5007581,0.591952,0.74971867,0.46953976,0.37935886,0.38845685,0.1709814,0.567339,0.7273673,0.57572556,0.39911497,0.5771755,0.4703627,0.43466872,0.5883808,0.51406837,0.5048237,0.412752,0.71558964,0.5779233,0.6491365,0.5262148,0.6366133,0.46397138,0.62530833,0.51057875,0.45027596,0.6167601,0.51076627,0.4377345,0.69346505,0.46529478,0.58225,0.4653836,0.4825287,0.6039874,0.48595273,0.67277795,0.21560423,0.4984389
2024-04-29,0.44041497,0.46037793,0.53540075,0.553616,0.33638474,0.41636,0.4387099,0.528645,0.4223649,0.9161685,0.33814722,0.37390995,0.394482,0.38111487,0.2630988,0.43502834,0.54881924,0.30527002,0.5283398,0.5223803,0.41899347,0.46601197,0.6354343,0.4202942,0.4138075,0.23425345,0.09421019,0.42332792,0.6798912,0.57405096,0.3190599,0.46248206,0.48468122,0.5450353,0.46358296,0.48373604,0.41681805,0.52502567,0.6508849,0.50711083,0.42092305,0.49342483,0.5505546,0.40370372,0.5494726,0.37576228,0.38793957,0.48696703,0.4960749,0.32740194,0.6419621,0.40211415,0.48485327,0.4319051,0.33746985,0.5543849,0.3870722,0.5692819,0.20037498,0.4144961
2024-05-30,0.39769506,0.35825047,0.43207368,0.3463843,0.39697507,0.4183282,0.39329964,0.39584595,0.40516594,0.5629175,0.25591123,0.2981672,0.24190035,0.33474687,0.18209222,0.53573287,0.47556788,0.23540585,0.4147378,0.39904773,0.3455541,0.2633644,0.43880826,0.3092387,0.31045675,0.18052495,0.06094042,0.35175204,0.590884,0.53423434,0.30571115,0.35009316,0.4441286,0.60994554,0.45469812,0.56833243,0.32201827,0.5486475,0.45154205,0.3720454,0.42376626,0.41374594,0.5058971,0.27852154,0.47681934,0.37496477,0.2689448,0.5216833,0.47732836,0.2153748,0.5332781,0.35152027,0.31484944,0.3316144,0.3258334,0.615995,0.30608335,0.34370026,0.18075663,0.30266923
2024-07-08,0.36066976,0.33111444,0.35488078,0.31371093,0.70083433,0.4289357,0.3304859,0.3486472,0.3937539,0.4578182,0.38906422,0.27012748,0.18198517,0.33749002,0.17193636,0.51621836,0.37941164,0.24265379,0.4078726,0.3431166,0.34238875,0.27379072,0.4458961,0.24554901,0.31515917,0.15296917,0.04529583,0.36536172,0.4353707,0.46540853,0.21741727,0.27248502,0.3944114,0.618243,0.5450684,0.6048254,0.3309963,0.58324826,0.3604059,0.37856394,0.5038239,0.31769726,0.3086156,0.35577205,0.44425327,0.32572082,0.25710422,0.52115697,0.40659222,0.2705728,0.54612756,0.43806297,0.28575173,0.28331047,0.34344146,0.8299781,0.46818018,0.3302054,0.3036201,0.32965007
2024-08-08,0.36199802,0.3150782,0.34494004,0.3000854,0.717564,0.48262456,0.64779794,0.30195016,0.37441567,0.38380963,0.43577322,0.2710557,0.2405304,0.43928158,0.20104113,0.55990094,0.35728484,0.42594975,0.33830076,0.29890266,0.2842167,0.32286936,0.41280833,0.26132318,0.32432342,0.17690767,0.046398956,0.38914523,0.38603416,0.3697709,0.28792888,0.2601604,0.3769733,0.53514576,0.60575646,0.73550117,0.28174058,0.59067976,0.3276932,0.45315248,0.56044227,0.34509215,0.2767371,0.37700173,0.4235373,0.54296446,0.30631876,0.5577973,0.33978248,0.3136261,0.6742198,0.58223796,0.26517203,0.26267317,0.35576308,0.84582347,0.48236936,0.32958913,0.28263497,0.29177675
2024-09-08,0.3072383,0.2662449,0.32322413,0.29194897,0.644163,0.41161102,0.66670436,0.29231682,0.29588228,0.36110204,0.4393872,0.2755607,0.22179551,0.47190592,0.19612047,0.5134252,0.31311098,0.42107838,0.30226398,0.30614302,0.22931601,0.28624478,0.38862756,0.287129,0.32360926,0.37871993,0.08775295,0.36530632,0.347575,0.26910126,0.29564002,0.25162807,0.3213521,0.5635097,0.6358132,0.65073156,0.2646388,0.56038177,0.17474973,0.48837376,0.47253913,0.37781015,0.3307721,0.34301478,0.4617597,0.5395792,0.2997988,0.48357964,0.24498373,0.33831567,0.6444005,0.6061172,0.19021204,0.26660302,0.3061527,0.6722709,0.50486654,0.30957073,0.2844108,0.28954223
2024-10-09,0.2791064,0.27093416,0.3203408,0.28555897,0.34192884,0.45227593,0.6946873,0.23341024,0.31728056,0.37614456,0.3322075,0.27735516,0.22428913,0.44181773,0.19430882,0.5233685,0.31543514,0.41150853,0.27394798,0.2725628,0.27057528,0.28436092,0.3208962,0.2909873,0.3298393,0.39147842,0.13374077,0.30528608,0.37516344,0.28868645,0.27924645,0.20461416,0.290881,0.5386296,0.5483779,0.6053782,0.21377513,0.53154325,0.19382383,0.49888152,0.37132624,0.45226726,0.43975028,0.22533408,0.45684552,0.55209845,0.2922654,0.4590161,0.25991356,0.28702444,0.6453864,0.5313494,0.23397394,0.2766353,0.31453282,0.39547715,0.38668323,0.28181452,0.14702299,0.21910013
2024-11-07,0.24975953,0.23584916,0.32377514,0.28889555,0.4560312,0.5430761,0.39872375,0.2182882,0.3072996,0.36074954,0.23166633,0.22018452,0.29015356,0.3169078,0.17514397,0.52543616,0.27358696,0.23459038,0.2623809,0.43218327,0.3429959,0.27356288,0.274654,0.25499126,0.2379474,0.37276936,0.156162,0.23828621,0.35831937,0.3363308,0.20112967,0.3092262,0.25266802,0.4722674,0.49148875,0.327516,0.21744625,0.43137503,0.22133243,0.43010262,0.38356894,0.47002184,0.4374399,0.19508451,0.42240772,0.3586354,0.21016967,0.3779872,0.27121848,0.23416206,0.40593097,0.3912703,0.2659879,0.39008948,0.28538674,0.36807236,0.41644838,0.31525382,0.13880692,0.19880128
2024-12-08,0.27271768,0.26788718,0.27617735,0.28513572,0.44161424,0.58517504,0.4109218,0.2101595,0.3700378,0.35300067,0.27093187,0.20478477,0.32958847,0.23782763,0.17444654,0.42722344,0.28983033,0.22434577,0.28779718,0.44565746,0.36080572,0.31306922,0.32937935,0.21251045,0.29439497,0.15464027,0.18620497,0.24727665,0.3830786,0.43129864,0.17292193,0.32585737,0.30471003,0.38704774,0.37596515,0.36173818,0.22420342,0.4175855,0.21995361,0.43191645,0.3979106,0.47356704,0.46453527,0.19337934,0.40076718,0.33979592,0.21922621,0.33335897,0.28727853,0.20079878,0.39659673,0.42337343,0.30875924,0.3845024,0.2962136,0.36668217,0.39996773,0.31196547,0.14745845,0.22995768
2025-01-08,0.28605947,0.24742278,0.28712836,0.29407603,1.2113084,0.6064141,0.38641346,0.24295647,0.3372333,0.39280087,0.27273646,0.22928348,0.35852113,0.2734828,0.20548524,0.42247155,0.325973,0.1893353,0.32348454,0.5116215,0.36760342,0.5037344,0.34910217,0.18731567,0.3092421,0.1919956,0.21230704,0.32393444,0.39743704,0.477612,0.19848156,0.36432546,0.3227203,0.39603734,0.43159398,0.40099993,0.25491327,0.44103652,0.21322358,0.4003198,0.43102804,0.45379558,0.48505282,0.22844188,0.42333782,0.3355998,0.19700782,0.36735976,0.3141396,0.1933226,0.29230842,0.46138257,0.33704007,0.39093667,0.23447281,0.37362286,0.43654072,0.31854048,0.13253996,0.24735445
2025-02-06,0.24395087,0.2385763,0.27769846,0.1989317,1.1623603,0.46978128,0.33838496,0.29951382,0.34380928,0.3602252,0.27191457,0.40889496,0.26516277,0.28507796,0.2069581,0.35629964,0.3278118,0.16362917,0.32524422,0.39041433,0.27614486,0.85084414,0.33812183,0.19951873,0.30620128,0.1924577,0.20604607,0.36729985,0.42914167,0.5147977,0.32340702,0.26478752,0.32482004,0.38914132,0.38699183,0.41061977,0.25300822,0.3423492,0.22585489,0.36929908,0.2941779,0.4359177,0.476207,0.17542489,0.413279,0.26784295,0.21405505,0.36762473,0.32764626,0.24067678,0.35236084,0.42352653,0.32317406,0.2585462,0.19096236,0.30449718,0.38008952,0.24171656,0.16723701,0.22885057
2025-03-09,0.24100745,0.29780284,0.26954046,0.18894161,1.1621683,0.50645775,0.28620937,0.32642314,0.42627892,0.39050537,0.34437162,0.40353543,0.25312725,0.36749917,0.23032257,0.36070222,0.31346142,0.17343725,0.33130085,0.3907651,0.2871749,0.877953,0.32944667,0.23028117,0.25144535,0.22682531,0.16994737,0.4134077,0.526146,0.4432328,0.35404256,0.36461723,0.4067107,0.3658445,0.40866917,0.35062805,0.28457394,0.5242604,0.2565304,0.37960768,0.3042078,0.4763629,0.47277936,0.23391607,0.43563467,0.306322,0.24174635,0.38029802,0.32629663,0.25548843,0.42371115,0.37298906,0.32131138,0.28068507,0.2359842,0.3037537,0.38610324,0.27677456,0.16932906,0.23550539
2025-04-13,0.26012745,0.32133174,0.21975398,0.22621983,0.2819258,0.47837746,0.29761472,0.69219077,0.47261953,0.3973389,0.40272406,0.38461676,0.20863609,0.38925877,0.23674943,0.36789492,0.30943975,0.2757994,0.325132,0.31399414,0.41750485,0.7881678,0.29710835,0.2676623,0.24693954,0.1814564,0.098581575,0.39914796,0.48166764,0.3602771,0.357237,0.34847346,0.43873033,0.42659533,0.34134668,0.3209994,0.2836747,0.61668897,0.26428837,0.37252185,0.2782468,0.484103,0.4992406,0.26453128,0.41254887,0.31204423,0.25270918,0.3499908,0.2792833,0.26965746,0.48096707,0.30719256,0.3015465,0.251994,0.23871517,0.2264161,0.25935465,0.2915051,0.16749251,0.24877241
2025-05-18,0.25681618,0.3442212,0.20801729,0.2481214,0.29059818,0.48307654,0.35724065,0.67626035,0.5225896,0.41817313,0.3985871,0.2142766,0.19320665,0.37464613,0.24244377,0.39145726,0.33215594,0.3744189,0.34859648,0.29024765,0.44859517,0.34012112,0.28597206,0.2917858,0.23854077,0.18409699,0.08291158,0.375007,0.46175158,0.2637753,0.25508836,0.3499003,0.43835798,0.48156592,0.33847353,0.28116605,0.27183378,0.7881011,0.24942721,0.34339815,0.33032855,0.5436316,0.62347424,0.28787288,0.40896812,0.28281903,0.25478986,0.34373719,0.25775337,0.23101856,0.42500374,0.28735217,0.28879714,0.22366865,0.25449383,0.22138298,0.2624683,0.2948283,0.15308036,0.25552472
2025-06-19,0.23828396,0.2802754,0.16883074,0.24078853,0.26868632,0.42088845,0.3462511,0.6539109,0.40807933,0.4174257,0.32586607,0.19443633,0.2079584,0.33497566,0.23183809,0.41379273,0.3559169,0.36800542,0.33561912,0.23615266,0.43661907,0.31101707,0.24790338,0.28038588,0.22599977,0.11924525,0.08689797,0.31347728,0.3457042,0.2984723,0.1936837,0.21817222,0.3280797,0.491246,0.3413527,0.27332062,0.23584926,0.7502138,0.21762764,0.2691604,0.32227394,0.49736807,0.6381344,0.2904037,0.32745203,0.23070988,0.43169427,0.3302131,0.23158513,0.19940078,0.36820483,0.26601464,0.23375052,0.28502262,0.2189664,0.19159552,0.24911919,0.25257915,0.1269051,0.2229259
2025-07-23,0.23753572,0.26581892,0.15373655,0.23117214,0.2093584,0.5129656,0.30110043,0.24630421,0.3009249,0.40812895,0.26692873,0.16928205,0.32008144,0.29772407,0.20413662,0.3424231,0.3111077,0.46422502,0.29648492,0.2885874,0.31719854,0.31390274,0.2654018,0.26364854,0.2605831,0.104173735,0.09118354,0.25260785,0.29315707,0.4471572,0.21208832,0.1788656,0.25381494,0.5562304,0.30037224,0.23237759,0.17356025,0.7324148,0.25451806,0.29458222,0.34770787,0.41141918,0.5455379,0.27823782,0.26811093,0.18961023,0.4714277,0.27179804,0.42153168,0.16716437,0.27709255,0.22575672,0.17626067,0.29228342,0.19617435,0.16502386,0.50808144,0.19314513,0.106844984,0.18152559
2025-08-24,0.22655232,0.25648,0.34382907,0.20632826,0.16469386,0.5501552,0.2557146,0.2701126,0.29618645,0.4048472,0.266477,0.16087694,0.3372237,0.36418393,0.19558842,0.34726706,0.36284858,0.41222277,0.3049059,0.37740192,0.26682582,0.33468425,0.3197693,0.365255,0.3750489,0.19950435,0.088329665,0.28625748,0.28851417,0.46066153,0.2476596,0.22806346,0.24599138,0.6269531,0.28408128,0.28386936,0.16425861,0.68676734,0.22927108,0.29805705,0.38924542,0.29106915,0.3898813,0.28134724,0.28063512,0.20725551,0.4827414,0.29027042,0.4382682,0.34857574,0.2834811,0.2162216,0.16590528,0.30968985,0.22842222,0.19452731,0.49965364,0.27534044,0.06130715,0.16547969
2025-09-23,0.22434396,0.3097223,0.44367644,0.21329221,0.5370434,0.52829343,0.31591046,0.32266453,0.36837602,0.5563994,0.27959958,0.1587072,0.3261506,0.38206023,0.23213938,0.30029246,0.37832016,0.4145514,0.31472838,0.42201045,0.3394204,0.25196064,0.33027434,0.3843547,0.3836577,0.22989798,0.084183164,0.28323594,0.27672374,0.47350916,0.2535329,0.27217606,0.22909766,0.6139335,0.24513525,0.2643863,0.1676946,0.67217857,0.21974409,0.27855885,0.3544621,0.281207,0.34161332,0.2996382,0.27224615,0.22962847,0.33311015,0.269552,0.4934178,0.39569345,0.3868956,0.18305717,0.15592095,0.24704783,0.21846747,0.45428902,0.479614,0.31656113,0.08721395,0.14258409
